species,year,site_orig,site_clim,sex,year_period,sun_h_0.01,sun_high_veg,partial_shade_low_veg,shade_0.8_h_0.01,shade_0.8_high_veg,shade_NA_h_NA
MB,1950,A1,A1,F,historical,17.62594292,14.24799254,14.66482237,10.64793626,7.591940114,28.93394321
MB,1950,A1,B1,F,historical,14.94168614,11.06962255,11.31610621,7.539658009,5.291748828,20.17498171
MB,1950,A1,C1,F,historical,16.46005457,11.83888994,12.72709623,8.3450639,4.31189422,26.65178598
MB,1950,A1,D1,F,historical,12.59754894,8.259037097,8.748531075,4.982440149,2.319588573,17.34383975
MS,1950,A1,A1,F,historical,25.37199881,17.01679254,17.96593413,10.93775572,6.350465476,25.75198982
MS,1950,A1,B1,F,historical,19.13967566,11.54952391,12.0871781,6.648043439,3.729108796,19.81429119
MS,1950,A1,Eldo,F,historical,25.82553295,18.68856731,19.35157357,12.43175034,8.036357416,26.9470658
MB,1950,A1,A1,M,historical,20.55195302,16.61146518,17.09069774,12.4687744,8.975139539,20.61342191
MB,1950,A1,B1,M,historical,17.41176971,12.95317414,13.23336952,8.902209151,6.338796944,17.31887646
MB,1950,A1,C1,M,historical,19.18671905,13.81952125,14.8398512,9.803691732,5.194071427,19.19196724
MB,1950,A1,D1,M,historical,14.70918777,9.712193164,10.27108496,5.950624481,2.912172283,14.66031831
MS,1950,A1,A1,M,historical,15.30804905,10.06395221,10.67307777,6.213896727,3.270750419,12.24399074
MS,1950,A1,B1,M,historical,11.43104695,6.600470974,6.952473003,3.499910513,1.621009698,9.816978371
MS,1950,A1,Eldo,M,historical,15.53438998,11.09390983,11.5210719,7.140062367,4.322134239,12.91614171
MB,1951,A1,A1,F,historical,17.14358844,13.59310624,14.08916863,10.29000357,7.423884687,27.31298322
MB,1951,A1,B1,F,historical,14.11478531,10.43715414,10.65611754,7.166950021,5.275441326,18.79817386
MB,1951,A1,C1,F,historical,15.6055692,11.13280431,11.89406924,7.820474925,4.388655404,24.44176112
MB,1951,A1,D1,F,historical,11.29811619,7.873929428,8.173582495,4.880228268,2.767033236,16.14768934
MS,1951,A1,A1,F,historical,24.38809099,16.08484434,17.07233373,10.45179119,6.288291191,24.57430022
MS,1951,A1,B1,F,historical,17.66341018,10.80211352,11.18579957,6.246782679,3.8561478,18.23099744
MS,1951,A1,Eldo,F,historical,24.3995771,18.35404052,19.14713465,12.73367309,8.250273564,25.97905605
MB,1951,A1,A1,M,historical,19.98952286,15.86349466,16.43260767,12.06267113,8.785437713,19.87326833
MB,1951,A1,B1,M,historical,16.46173554,12.23281561,12.48138389,8.480085274,6.322297849,16.35484193
MB,1951,A1,C1,M,historical,18.19648062,13.01609893,13.8891709,9.209032665,5.286636725,18.20933126
MB,1951,A1,D1,M,historical,13.23441158,9.280529346,9.622676855,5.839679287,3.426608492,13.33255323
MS,1951,A1,A1,M,historical,14.69642858,9.465387398,10.09902776,5.89582987,3.228913632,11.6756625
MS,1951,A1,B1,M,historical,10.48993364,6.118644059,6.370001743,3.236265398,1.700445766,9.050435004
MS,1951,A1,Eldo,M,historical,14.57995699,10.86830636,11.37180849,7.326432473,4.457932113,12.21401529
MB,1952,A1,A1,F,historical,17.84018597,15.98412638,16.00276198,12.3828712,9.887211933,30.98433643
MB,1952,A1,B1,F,historical,15.32945624,12.82829762,12.71026881,9.195585078,7.36740233,22.6160326
MB,1952,A1,C1,F,historical,16.14660241,12.81833504,13.46760589,9.45407383,5.667261661,28.05975485
MB,1952,A1,D1,F,historical,12.80642391,9.474705464,9.796100387,6.230532261,3.577599713,19.42872529
MS,1952,A1,A1,F,historical,26.26284071,20.02161346,20.14917941,13.71042147,9.290452874,27.70430591
MS,1952,A1,B1,F,historical,19.9720636,14.50176324,14.34867626,9.166168112,6.136263654,21.51026448
MS,1952,A1,Eldo,F,historical,26.80971605,23.23291704,23.49177053,16.61901391,12.00811414,29.68185649
MB,1952,A1,A1,M,historical,20.87259166,18.63673264,18.6659793,14.48328974,11.61865671,21.97392337
MB,1952,A1,B1,M,historical,17.91329779,14.99384201,14.86230863,10.82083422,8.729705078,18.55192762
MB,1952,A1,C1,M,historical,18.88656008,14.96753038,15.71754307,11.09482014,6.759372387,19.85014885
MB,1952,A1,D1,M,historical,14.99345654,11.12433214,11.49406967,7.396957215,4.366429615,15.37647069
MS,1952,A1,A1,M,historical,15.71815722,11.90592107,11.972026,7.9237438,5.101300303,13.18952727
MS,1952,A1,B1,M,historical,11.83680867,8.430422008,8.325391354,5.05640092,3.109313179,10.62092495
MS,1952,A1,Eldo,M,historical,15.92286966,13.90386334,14.05593237,9.747196418,6.81165882,14.2067006
MB,1953,A1,A1,F,historical,18.44715141,15.39829812,15.58653011,11.50777041,9.025570013,29.34409135
MB,1953,A1,B1,F,historical,15.69689687,12.25973245,12.25526239,8.352022063,6.625864217,21.16467936
MB,1953,A1,C1,F,historical,16.37660348,12.23426044,12.89038391,8.625311071,5.18194886,25.96431662
MB,1953,A1,D1,F,historical,12.24606469,8.706484016,8.906172572,5.264713384,3.144167964,16.51311649
MS,1953,A1,A1,F,historical,26.36819351,18.52922412,19.08740667,11.74639321,7.883709786,26.71847776
MS,1953,A1,B1,F,historical,20.03600345,13.03801701,13.12551862,7.325490601,5.036812606,20.8410523
MS,1953,A1,Eldo,F,historical,26.14265943,20.60111177,20.83778308,13.68455991,9.964091306,28.10157484
MB,1953,A1,A1,M,historical,21.49615182,17.94384811,18.15919692,13.46505925,10.62899774,21.45500755
MB,1953,A1,B1,M,historical,18.28463569,14.3300682,14.32152935,9.844581096,7.878575465,18.17867931
MB,1953,A1,C1,M,historical,19.09859911,14.28884707,15.04230132,10.1384671,6.203262254,19.13494982
MB,1953,A1,D1,M,historical,14.32205647,10.24064357,10.46771313,6.288063576,3.869269163,14.47473764
MS,1953,A1,A1,M,historical,15.92902554,10.98950706,11.35269139,6.6919707,4.207401614,12.64747174
MS,1953,A1,B1,M,historical,11.97864766,7.511288636,7.57729945,3.891836559,2.412190934,10.28120422
MS,1953,A1,Eldo,M,historical,15.68986066,12.27298044,12.42720819,7.902731629,5.511446315,13.45482971
MB,1954,A1,A1,F,historical,18.58319454,16.34616512,16.22367678,12.21365344,10.24304183,31.11849246
MB,1954,A1,B1,F,historical,15.7837609,13.1720067,12.89430294,9.156910935,7.805259604,22.92373472
MB,1954,A1,C1,F,historical,16.5593031,12.93074919,13.41751496,9.218364329,5.926202935,26.52091823
MB,1954,A1,D1,F,historical,12.63604113,9.464201496,9.541549341,5.952609955,3.881299837,18.06970328
MS,1954,A1,A1,F,historical,26.83949026,20.36747555,20.48766767,13.0182829,9.481084985,27.15308519
MS,1954,A1,B1,F,historical,20.96970353,14.83628462,14.6022878,8.760213203,6.536859681,21.41908086
MS,1954,A1,Eldo,F,historical,28.76600201,22.7215272,22.54671149,14.85790325,11.59602618,29.45787567
MB,1954,A1,A1,M,historical,21.67182316,19.04103835,18.89940299,14.2788126,12.02638624,21.87673603
MB,1954,A1,B1,M,historical,18.40591411,15.3851621,15.06319935,10.77146208,9.231990076,18.44008983
MB,1954,A1,C1,M,historical,19.32370644,15.09388766,15.65316719,10.82078312,7.057965152,19.52573529
MB,1954,A1,D1,M,historical,14.78392094,11.11544692,11.20178402,7.07847587,4.715815392,15.04293525
MS,1954,A1,A1,M,historical,16.19064619,12.14545581,12.23230988,7.496297586,5.214747054,12.86682849
MS,1954,A1,B1,M,historical,12.54286242,8.645016931,8.508969843,4.801012479,3.357336011,10.44009234
MS,1954,A1,Eldo,M,historical,17.38894879,13.62051627,13.51777692,8.645514658,6.540653495,13.96461162
MB,1955,A1,A1,F,historical,18.36761981,15.00539084,15.18099103,11.06218437,8.676076839,28.77113595
MB,1955,A1,B1,F,historical,15.411274,11.91940087,11.92746782,8.165397035,6.444825572,20.37940179
MB,1955,A1,C1,F,historical,15.77103915,11.25414108,11.86866183,7.676034078,4.540197409,23.60321672
MB,1955,A1,D1,F,historical,12.86913791,9.006027603,9.320639697,5.535072023,3.114413909,17.99361907
MS,1955,A1,A1,F,historical,25.87174065,17.57873038,18.08996166,11.0520514,7.426618957,26.25016356
MS,1955,A1,B1,F,historical,19.57640765,12.57700756,12.70200269,7.265779875,4.904310822,20.40294983
MS,1955,A1,Eldo,F,historical,26.13094275,19.98164192,20.18819914,13.11440148,9.550903001,27.83605246
MB,1955,A1,A1,M,historical,21.38693819,17.48591481,17.68632724,12.95150372,10.22578801,21.26354066
MB,1955,A1,B1,M,historical,17.95507861,13.93756135,13.94367897,9.629403363,7.668260189,17.92367596
MB,1955,A1,C1,M,historical,18.37638687,13.15779955,13.86205408,9.047818999,5.465878199,18.22185933
MB,1955,A1,D1,M,historical,15.03483452,10.57948652,10.93850768,6.594215422,3.832239191,15.09317843
MS,1955,A1,A1,M,historical,15.6449758,10.39303205,10.72667905,6.255757703,3.924077257,12.51295111
MS,1955,A1,B1,M,historical,11.69033279,7.224560625,7.31423067,3.862141004,2.337768886,10.14398648
MS,1955,A1,Eldo,M,historical,15.72109411,11.89372662,12.02993349,7.547855033,5.257154184,13.31362756
MB,1956,A1,A1,F,historical,18.42834889,15.35790506,15.51789538,11.29915024,8.751722602,28.97626042
MB,1956,A1,B1,F,historical,15.45916786,12.01241034,11.9644691,7.962200702,6.21998381,20.6616675
MB,1956,A1,C1,F,historical,16.46495813,12.15903101,12.80255975,8.347982689,4.815031993,25.8330831
MB,1956,A1,D1,F,historical,12.34602687,8.505579623,8.704795481,4.844698302,2.680788609,16.18167762
MS,1956,A1,A1,F,historical,26.46077661,18.42164715,18.9834273,11.42941186,7.460232359,26.67892219
MS,1956,A1,B1,F,historical,19.70542292,12.61126282,12.69133824,6.843889346,4.520575638,20.38420161
MS,1956,A1,Eldo,F,historical,26.78706951,21.10813879,21.40728009,13.7814686,9.726458748,28.31545306
MB,1956,A1,A1,M,historical,21.47101507,17.89277143,18.07601852,13.2220166,10.31221003,21.39042519
MB,1956,A1,B1,M,historical,18.00787598,14.04271447,13.98452439,9.394984127,7.411551762,17.88655774
MB,1956,A1,C1,M,historical,19.19226785,14.19722703,14.93624546,9.817393055,5.781158636,19.19709013
MB,1956,A1,D1,M,historical,14.4250778,10.0053058,10.23109634,5.804119851,3.33767868,14.45210272
MS,1956,A1,A1,M,historical,15.99922148,10.93093792,11.29691059,6.499146162,3.944176339,12.69239403
MS,1956,A1,B1,M,historical,11.77868615,7.247182824,7.309459019,3.594125221,2.08987351,10.11292152
MS,1956,A1,Eldo,M,historical,16.10416855,12.6105307,12.80472608,7.976293966,5.368615264,13.46397413
MB,1957,A1,A1,F,historical,18.23016367,14.86525616,15.33431158,11.39225042,8.391727431,29.68611932
MB,1957,A1,B1,F,historical,14.91250438,11.55287615,11.77042572,8.224769709,6.058194796,21.25846965
MB,1957,A1,C1,F,historical,15.81087764,11.33411601,12.22365371,8.191260005,4.437769967,25.34305555
MB,1957,A1,D1,F,historical,12.32017818,8.432111429,8.931259897,5.41410655,2.776923093,17.61366618
MS,1957,A1,A1,F,historical,26.07616973,17.69310465,18.65899026,11.79707061,7.307602993,26.95603695
MS,1957,A1,B1,F,historical,19.13983139,12.4777134,12.80414558,7.7514627,4.722734057,20.59563427
MS,1957,A1,Eldo,F,historical,27.68888996,20.49879668,21.33549049,13.87191136,9.257443583,28.66797141
MB,1957,A1,A1,M,historical,21.26442387,17.33574912,17.87517578,13.33793783,9.903720275,21.52426222
MB,1957,A1,B1,M,historical,17.41434796,13.52616842,13.77610135,9.704884599,7.228464675,17.7474801
MB,1957,A1,C1,M,historical,18.46212988,13.26003293,14.28200287,9.645324217,5.349765444,18.88913226
MB,1957,A1,D1,M,historical,14.41905766,9.924749957,10.49676917,6.458403878,3.444891415,14.72958928
MS,1957,A1,A1,M,historical,15.70562588,10.44979532,11.06729061,6.717605475,3.846688347,12.86469535
MS,1957,A1,B1,M,historical,11.34966597,7.152180177,7.359073319,4.163874555,2.223857358,10.06295256
MS,1957,A1,Eldo,M,historical,16.69382677,12.22017375,12.75607955,8.022855771,5.063965091,13.58149698
MB,1958,A1,A1,F,historical,18.98378121,15.29775028,15.73631779,11.58795023,8.550583821,30.38939888
MB,1958,A1,B1,F,historical,15.86368523,11.97371373,12.16648039,8.300255204,6.184883592,20.88634481
MB,1958,A1,C1,F,historical,17.58287417,12.82165502,13.6382872,9.097686405,5.215223418,27.79318469
MB,1958,A1,D1,F,historical,13.2199481,9.410270087,9.738303975,5.882188756,3.319054092,19.01239674
MS,1958,A1,A1,F,historical,27.60392833,18.17720631,19.14917691,11.72105587,7.237121551,27.42402815
MS,1958,A1,B1,F,historical,20.17178477,12.48093833,12.86889588,7.248032909,4.522550635,21.01683536
MS,1958,A1,Eldo,F,historical,27.95434679,20.91548493,21.71450587,14.2629969,9.446561934,28.89964786
MB,1958,A1,A1,M,historical,22.10158875,17.81959512,18.32269054,13.55174381,10.08103304,21.75232878
MB,1958,A1,B1,M,historical,18.47011432,13.99653504,14.21460213,9.782141332,7.370477563,18.32282317
MB,1958,A1,C1,M,historical,20.47003635,14.95412112,15.891366,10.67531372,6.239900163,20.22462731
MB,1958,A1,D1,M,historical,15.44446211,11.04552982,11.41998203,6.993534003,4.06890847,15.47099481
MS,1958,A1,A1,M,historical,16.74822029,10.7812752,11.40702015,6.6844633,3.80544095,13.00242977
MS,1958,A1,B1,M,historical,12.07557939,7.166677673,7.422916416,3.849781502,2.09441025,10.47255686
MS,1958,A1,Eldo,M,historical,16.86047973,12.49466163,13.00568314,8.282933212,5.193393362,13.63261724
MB,1959,A1,A1,F,historical,19.23252395,15.88418466,16.34593019,12.19641227,8.96420035,32.13550623
MB,1959,A1,B1,F,historical,16.28515922,12.50994178,12.78319037,8.843862993,6.429186179,23.28344385
MB,1959,A1,C1,F,historical,17.38324179,12.97236888,13.92329922,9.467473559,5.123076516,28.63954292
MB,1959,A1,D1,F,historical,13.06198867,9.290435425,9.763646932,5.961522239,3.081338928,18.96682942
MS,1959,A1,A1,F,historical,28.63027259,19.33488079,20.47154733,12.66405505,7.668982212,28.16004116
MS,1959,A1,B1,F,historical,21.6768875,13.45390383,14.06628688,7.972678085,4.72154178,22.1185946
MS,1959,A1,Eldo,F,historical,29.23770514,21.77406705,22.69072863,14.85201699,9.769675914,29.99798213
MB,1959,A1,A1,M,historical,22.41130815,18.49971001,19.03117805,14.25362716,10.5579635,22.14135268
MB,1959,A1,B1,M,historical,18.97119426,14.61649706,14.9278372,10.40794837,7.653472471,18.73995472
MB,1959,A1,C1,M,historical,20.27263563,15.13436854,16.22856296,11.10358783,6.137204229,20.37203365
MB,1959,A1,D1,M,historical,15.28015681,10.91312765,11.45552243,7.087886723,3.799236246,15.67252179
MS,1959,A1,A1,M,historical,17.36124833,11.50684682,12.23644004,7.275336061,4.069296609,13.22557976
MS,1959,A1,B1,M,historical,13.01368603,7.777960994,8.177248736,4.302698866,2.210150578,10.73227979
MS,1959,A1,Eldo,M,historical,17.66166214,13.02862841,13.6137547,8.645931247,5.386228833,14.06280684
MB,2015,A1,A1,F,contemporary,19.5437139,16.35306109,16.5363428,12.35160049,9.684446925,31.64068791
MB,2015,A1,B1,F,contemporary,16.90748279,13.34107164,13.35901398,9.371548304,7.354136873,23.8262915
MB,2015,A1,C1,F,contemporary,17.33172582,13.01863087,13.61853644,9.141320352,5.605467092,27.53091074
MB,2015,A1,D1,F,contemporary,13.61131115,9.825893153,10.01604639,6.062020128,3.702215322,18.76795639
MS,2015,A1,A1,F,contemporary,28.51864976,19.73917866,20.34416058,12.75954207,8.505932843,28.54949373
MS,2015,A1,B1,F,contemporary,22.27008486,14.46448422,14.65488356,8.608339603,5.750105072,22.88704198
MS,2015,A1,Eldo,F,contemporary,28.8080119,21.93394988,22.29393825,14.64525834,10.5293009,29.51456704
MB,2015,A1,A1,M,contemporary,22.75940943,19.04091605,19.25097031,14.43662821,11.38852201,22.58506901
MB,2015,A1,B1,M,contemporary,19.68560373,15.57437822,15.59217754,11.01849933,8.718245719,19.54696286
MB,2015,A1,C1,M,contemporary,20.19168703,15.18942664,15.87812082,10.73356667,6.694690845,20.07452929
MB,2015,A1,D1,M,contemporary,15.89194948,11.52686975,11.74300023,7.206594303,4.515680196,15.91670396
MS,2015,A1,A1,M,contemporary,17.29554788,11.74821838,12.14161405,7.320824181,4.584701637,13.48802694
MS,2015,A1,B1,M,contemporary,13.38048372,8.40358335,8.535277792,4.690361369,2.845762616,11.24978335
MS,2015,A1,Eldo,M,contemporary,17.40534884,13.11796871,13.35217484,8.50048718,5.853388476,14.00530556
MB,2016,A1,A1,F,contemporary,19.84762841,17.29655124,17.29782311,13.06001835,10.7266394,33.22554397
MB,2016,A1,B1,F,contemporary,17.28373839,14.19474296,14.01904243,9.886784511,8.238449429,24.46490602
MB,2016,A1,C1,F,contemporary,17.79238213,14.15285357,14.66831519,10.15678837,6.56171821,29.42290403
MB,2016,A1,D1,F,contemporary,14.275203,10.71207918,10.8131966,6.692742377,4.316502208,20.36935888
MS,2016,A1,A1,F,contemporary,29.34371024,21.5907092,21.93247241,13.90178556,9.860079876,29.35630327
MS,2016,A1,B1,F,contemporary,22.92523283,15.82235438,15.70912038,9.303455093,6.793512651,23.92682355
MS,2016,A1,Eldo,F,contemporary,29.16880194,23.17245486,23.13887068,15.38367148,11.82754331,30.51458633
MB,2016,A1,A1,M,contemporary,23.1288121,20.13207697,20.13338012,15.25181776,12.58358188,23.18265871
MB,2016,A1,B1,M,contemporary,20.12782513,16.55808451,16.3533792,11.61125636,9.731920385,20.20990082
MB,2016,A1,C1,M,contemporary,20.75217875,16.49790428,17.09153225,11.89951504,7.789853507,20.88005922
MB,2016,A1,D1,M,contemporary,16.66257567,12.54383521,12.65796277,7.9292276,5.219267527,16.74794381
MS,2016,A1,A1,M,contemporary,17.78192772,12.91548534,13.14178294,8.042781087,5.440920462,13.88836944
MS,2016,A1,B1,M,contemporary,13.77501318,9.258215155,9.197487842,5.126142451,3.50328783,11.7691451
MS,2016,A1,Eldo,M,contemporary,17.6142771,13.89297566,13.87843183,8.964804883,6.674185332,14.5373244
MB,2017,A1,A1,F,contemporary,19.75102399,16.11259873,16.3879706,12.09350221,9.378254464,30.97956115
MB,2017,A1,B1,F,contemporary,17.06662256,13.16484587,13.28456386,9.186461019,7.077770235,22.67493838
MB,2017,A1,C1,F,contemporary,17.358274,12.82346715,13.46885385,8.942031005,5.382515477,26.631015
MB,2017,A1,D1,F,contemporary,14.8757133,10.8282429,11.18502043,6.922747245,4.007061589,21.46776654
MS,2017,A1,A1,F,contemporary,28.32686486,18.97616903,19.67089377,12.12136614,8.036697443,28.56358601
MS,2017,A1,B1,F,contemporary,21.97096274,13.93373841,14.24638636,8.153336572,5.352484425,22.8145696
MS,2017,A1,Eldo,F,contemporary,28.76364046,21.20456727,21.57652274,13.94376222,10.13408888,29.49485674
MB,2017,A1,A1,M,contemporary,22.98052783,18.76061343,19.07568711,14.13910687,11.03749868,22.68783383
MB,2017,A1,B1,M,contemporary,19.85886004,15.36972828,15.50413333,10.80525662,8.401456104,19.73376254
MB,2017,A1,C1,M,contemporary,20.21740606,14.96529955,15.70622076,10.50676146,6.440516844,20.19100088
MB,2017,A1,D1,M,contemporary,17.35416182,12.67601978,13.08430665,8.192254477,4.864900494,17.32378704
MS,2017,A1,A1,M,contemporary,17.19887682,11.26342799,11.71403282,6.912277438,4.285794596,13.53567271
MS,2017,A1,B1,M,contemporary,13.19804204,8.065345875,8.274276579,4.398877386,2.593003414,11.37246404
MS,2017,A1,Eldo,M,contemporary,17.41526984,12.65691928,12.90009902,8.052066567,5.601062194,14.04622568
MB,2018,A1,A1,F,contemporary,19.8867945,16.87653611,16.96925737,12.83452131,10.34422389,32.61726303
MB,2018,A1,B1,F,contemporary,17.45764802,13.92837723,13.86249809,9.804107017,7.9454148,23.79406043
MB,2018,A1,C1,F,contemporary,17.78545667,13.73362077,14.19593139,9.701433591,6.330896155,27.89284458
MB,2018,A1,D1,F,contemporary,14.21505874,10.75218557,10.8523151,6.886590034,4.52580417,20.14743964
MS,2018,A1,A1,F,contemporary,28.85947099,20.57478454,20.99405895,13.44386243,9.342654541,29.36578854
MS,2018,A1,B1,F,contemporary,22.91940816,15.16646759,15.20324866,9.019708568,6.361030054,23.88785207
MS,2018,A1,Eldo,F,contemporary,28.94588391,22.54398909,22.53484504,15.14063991,11.46498,30.24192121
MB,2018,A1,A1,M,contemporary,23.15577544,19.64314427,19.74903617,14.99038816,12.14407356,23.13009946
MB,2018,A1,B1,M,contemporary,20.31168583,16.24669456,16.16779251,11.51290611,9.394964939,20.19302425
MB,2018,A1,C1,M,contemporary,20.71627452,16.01033114,16.54094334,11.37631313,7.52607358,20.74145731
MB,2018,A1,D1,M,contemporary,16.59761128,12.59294135,12.70615876,8.152882642,5.460165975,16.70952738
MS,2018,A1,A1,M,contemporary,17.50150153,12.27652742,12.55133086,7.75518694,5.115510929,13.86918467
MS,2018,A1,B1,M,contemporary,13.80009648,8.848325875,8.882966114,4.949880213,3.230545591,11.73274614
MS,2018,A1,Eldo,M,contemporary,17.49183892,13.5023516,13.50031649,8.814946056,6.448784817,14.29243562
MB,2019,A1,A1,F,contemporary,19.87097482,16.61403332,16.8959257,12.69484167,9.925223121,32.30142686
MB,2019,A1,B1,F,contemporary,16.89395692,13.34926449,13.40750073,9.432269168,7.476582275,23.29451079
MB,2019,A1,C1,F,contemporary,18.26345765,13.69847536,14.48130266,9.859555662,5.96111657,29.51870737
MB,2019,A1,D1,F,contemporary,14.09304049,10.08568656,10.39328103,6.376893132,3.883402112,20.12694152
MS,2019,A1,A1,F,contemporary,28.99145221,20.36425093,21.07399429,13.29740248,8.933517143,29.41679502
MS,2019,A1,B1,F,contemporary,22.07393186,14.57314639,14.75855131,8.737522791,6.019247261,23.20575672
MS,2019,A1,Eldo,F,contemporary,29.87802985,23.16212741,23.656496,15.75453874,11.31784246,30.86404625
MB,2019,A1,A1,M,contemporary,23.14030691,19.3405905,19.66390932,14.82797245,11.66078372,23.05204361
MB,2019,A1,B1,M,contemporary,19.67186784,15.58287372,15.64672996,11.08612747,8.854380161,19.72423497
MB,2019,A1,C1,M,contemporary,21.26954194,15.9667456,16.86632114,11.55363425,7.097441169,21.20123779
MB,2019,A1,D1,M,contemporary,16.44485438,11.82154236,12.17240224,7.563493461,4.717834195,16.4284443
MS,2019,A1,A1,M,contemporary,17.58339136,12.1508851,12.60940478,7.668873063,4.867359726,13.89604933
MS,2019,A1,B1,M,contemporary,13.24778748,8.477464315,8.604688139,4.778317312,3.029152097,11.47754464
MS,2019,A1,Eldo,M,contemporary,18.05471729,13.89859944,14.21613245,9.211217576,6.364695994,14.68958684
MB,2020,A1,A1,F,contemporary,19.83459405,17.56965306,17.44467073,13.27303705,11.17434505,33.14791322
MB,2020,A1,B1,F,contemporary,17.06810864,14.4874857,14.17089242,10.15808194,8.72595466,25.04319207
MB,2020,A1,C1,F,contemporary,18.01094729,14.47017688,14.85263317,10.34932415,7.031709103,29.70554835
MB,2020,A1,D1,F,contemporary,14.26374825,10.84413744,10.80685977,6.701433709,4.697419192,19.85651682
MS,2020,A1,A1,F,contemporary,29.32411135,22.21704333,22.33245163,14.35672577,10.50182651,29.4411094
MS,2020,A1,B1,F,contemporary,22.75049444,16.60413347,16.30767227,9.944659041,7.477458761,23.82297427
MS,2020,A1,Eldo,F,contemporary,29.72889208,24.66921011,24.43815313,16.68057633,12.97218411,31.1140241
MB,2020,A1,A1,M,contemporary,23.11568091,20.44595874,20.3015775,15.4946088,13.09459342,23.23620814
MB,2020,A1,B1,M,contemporary,19.89073887,16.8962337,16.52989932,11.92213729,10.28871381,20.082242
MB,2020,A1,C1,M,contemporary,20.99410946,16.86019467,17.29980287,12.11681903,8.325742868,21.0593249
MB,2020,A1,D1,M,contemporary,16.64159838,12.6953398,12.64907591,7.938560024,5.65469304,16.77022193
MS,2020,A1,A1,M,contemporary,17.76558446,13.31768654,13.40120613,8.339033915,5.853943715,13.93786975
MS,2020,A1,B1,M,contemporary,13.64462387,9.758385249,9.581980181,5.540399142,3.942385555,11.6514685
MS,2020,A1,Eldo,M,contemporary,17.92486947,14.83955418,14.69716327,9.796412968,7.408317221,14.80795291
MB,2021,A1,A1,F,contemporary,19.94327137,17.13985588,17.18154055,12.97643659,10.6534088,32.55734225
MB,2021,A1,B1,F,contemporary,17.55838351,14.25446711,14.14025773,10.01098926,8.285981759,24.52842987
MB,2021,A1,C1,F,contemporary,17.43716753,13.58193311,13.99613882,9.56113335,6.409206785,27.48550748
MB,2021,A1,D1,F,contemporary,14.9290912,11.47097563,11.63926643,7.461772459,4.955415537,22.05333248
MS,2021,A1,A1,F,contemporary,28.66253199,21.06408987,21.38868715,13.58437202,9.691357206,29.07842011
MS,2021,A1,B1,F,contemporary,23.0488298,15.78894006,15.74112587,9.279140806,6.753778764,23.97135782
MS,2021,A1,Eldo,F,contemporary,29.40300811,23.00165048,23.02071807,15.31894066,11.75918187,30.33698236
MB,2021,A1,A1,M,contemporary,23.22630644,19.94916146,19.99620845,15.15444331,12.49874961,23.27661959
MB,2021,A1,B1,M,contemporary,20.43437333,16.62385808,16.48984943,11.75150722,9.785315977,20.38847997
MB,2021,A1,C1,M,contemporary,20.32103051,15.84193006,16.31732733,11.21802929,7.616868586,20.41947487
MB,2021,A1,D1,M,contemporary,17.4263993,13.41989478,13.61158358,8.813135841,5.952702347,17.60301004
MS,2021,A1,A1,M,contemporary,17.35621353,12.58079601,12.79561952,7.839682537,5.334170143,13.91818513
MS,2021,A1,B1,M,contemporary,13.8655615,9.240153838,9.219941999,5.110460789,3.477870389,11.81298087
MS,2021,A1,Eldo,M,contemporary,17.77904304,13.78627601,13.80507177,8.923113486,6.631564763,14.51611793
MB,2022,A1,A1,F,contemporary,19.83154464,17.16045041,17.24236017,13.11428705,10.71867571,32.26361613
MB,2022,A1,B1,F,contemporary,17.16901501,13.94629289,13.85193245,9.815531112,8.114571992,24.16350986
MB,2022,A1,C1,F,contemporary,17.57921033,13.86146867,14.44230884,10.12346403,6.52929261,28.32380284
MB,2022,A1,D1,F,contemporary,14.79765196,11.49494722,11.78220759,7.794966775,4.957461911,22.86789572
MS,2022,A1,A1,F,contemporary,28.8953191,21.24462494,21.7322566,13.89108136,9.776986541,29.20526567
MS,2022,A1,B1,F,contemporary,22.61497748,15.3270711,15.36492905,9.053518815,6.534742027,23.29142712
MS,2022,A1,Eldo,F,contemporary,29.23759193,24.10620493,24.3120586,16.56311102,12.38238016,31.01026732
MB,2022,A1,A1,M,contemporary,23.10971207,19.97846965,20.07303615,15.31713131,12.57722011,23.16011453
MB,2022,A1,B1,M,contemporary,19.99075408,16.2739846,16.16323479,11.53118778,9.592636427,19.90217696
MB,2022,A1,C1,M,contemporary,20.51055888,16.16999689,16.83905978,11.86735129,7.757472383,20.84529156
MB,2022,A1,D1,M,contemporary,17.29546135,13.45249982,13.78248506,9.197352451,5.956082692,17.49723148
MS,2022,A1,A1,M,contemporary,17.48757625,12.6860796,13.00394034,8.026464442,5.379845372,13.78313813
MS,2022,A1,B1,M,contemporary,13.58639349,8.938117232,8.972631866,4.959671907,3.330413691,11.4162743
MS,2022,A1,Eldo,M,contemporary,17.58845046,14.46969855,14.6030524,9.705409564,7.019679706,14.72940306
MB,2023,A1,A1,F,contemporary,18.21648185,14.69217931,15.08176671,11.1554566,8.482915182,28.3436776
MB,2023,A1,B1,F,contemporary,15.83403919,11.93638835,12.12695092,8.316057597,6.366799269,21.00939169
MB,2023,A1,C1,F,contemporary,16.59538799,12.36015884,13.03052628,8.804518715,5.40245229,25.85131856
MB,2023,A1,D1,F,contemporary,12.62289478,9.032361059,9.253751423,5.589521202,3.491555413,17.10506239
MS,2023,A1,A1,F,contemporary,25.92031059,17.52411427,18.30194028,11.35251005,7.422851562,25.91861819
MS,2023,A1,B1,F,contemporary,20.0871005,12.55834906,12.85257654,7.27261269,4.861184647,21.06845758
MS,2023,A1,Eldo,F,contemporary,25.25351339,19.14909819,19.62222395,12.99634242,9.250207596,26.69343878
MB,2023,A1,A1,M,contemporary,21.22823653,17.13705202,17.58339193,13.06661192,10.01152896,21.10130932
MB,2023,A1,B1,M,contemporary,18.44048739,13.96159575,14.17689314,9.807453492,7.584918968,18.32665806
MB,2023,A1,C1,M,contemporary,19.35353741,14.43899646,15.20908988,10.3503466,6.460904764,19.33441362
MB,2023,A1,D1,M,contemporary,14.76264141,10.62048379,10.87280966,6.666020916,4.270999408,14.90699809
MS,2023,A1,A1,M,contemporary,15.64893161,10.34460642,10.84519864,6.431735732,3.911784302,12.39755199
MS,2023,A1,B1,M,contemporary,12.01020244,7.200832368,7.395735521,3.848545283,2.297739856,10.41216666
MS,2023,A1,Eldo,M,contemporary,15.13414568,11.34336468,11.64739486,7.455746395,5.054013967,12.93891545
MB,2024,A1,A1,F,contemporary,20.17194427,17.73241135,17.71113677,13.52079059,11.24566827,33.87898108
MB,2024,A1,B1,F,contemporary,17.05404269,14.16453966,13.89146035,9.844101638,8.445418352,23.47080914
MB,2024,A1,C1,F,contemporary,18.35048546,14.52505278,15.05707061,10.52812594,6.928923965,29.82855079
MB,2024,A1,D1,F,contemporary,14.60871202,11.60920589,11.79183442,7.784003598,5.108820929,23.22085797
MS,2024,A1,A1,F,contemporary,29.81274493,22.32896884,22.6311205,14.55322687,10.48944501,29.89897581
MS,2024,A1,B1,F,contemporary,22.22843485,15.66275924,15.41107713,9.166103993,6.957322126,23.0734683
MS,2024,A1,Eldo,F,contemporary,30.21419629,25.5653001,25.60433594,17.46149729,13.33943846,31.78529057
MB,2024,A1,A1,M,contemporary,23.50688503,20.6362965,20.61158237,15.7826904,13.18046387,23.57495994
MB,2024,A1,B1,M,contemporary,19.86136611,16.52543297,16.20914642,11.56498797,9.971769581,19.93412908
MB,2024,A1,C1,M,contemporary,21.38805166,16.92625374,17.53861636,12.32768107,8.21358489,21.42021111
MB,2024,A1,D1,M,contemporary,17.08594088,13.58589207,13.79551907,9.185202818,6.129510768,17.50569157
MS,2024,A1,A1,M,contemporary,18.06567446,13.3769336,13.57826948,8.450316853,5.833543601,14.13500093
MS,2024,A1,B1,M,contemporary,13.3298274,9.149141174,9.000342403,5.030642164,3.597944955,11.45948133
MS,2024,A1,Eldo,M,contemporary,18.19624683,15.39985176,15.42878853,10.2804204,7.629606117,15.09452476
MB,1950,B1,A1,F,historical,17.31822089,12.6026515,13.16242558,8.608678734,5.462419364,27.40961407
MB,1950,B1,B1,F,historical,13.75028353,9.039819157,9.362573384,5.575359618,3.461176343,18.45162727
MB,1950,B1,C1,F,historical,16.04384892,10.1973491,11.24289672,6.48207472,2.734586739,25.21070648
MB,1950,B1,D1,F,historical,11.49964554,6.590844985,7.133834123,3.490905729,1.189214783,15.73286316
MS,1950,B1,A1,F,historical,29.37061061,20.80698933,21.76521558,13.83392457,8.586598415,29.77404401
MS,1950,B1,B1,F,historical,22.82847023,14.56340984,15.15066334,8.852184723,5.476411834,23.36841526
MS,1950,B1,Eldo,F,historical,29.31762145,22.66688949,23.34346086,15.52750848,10.6005215,31.17676326
MB,1950,B1,A1,M,historical,20.13841135,14.69798045,15.3380357,10.11737992,6.525654771,19.20179063
MB,1950,B1,B1,M,historical,16.00996219,10.61167485,10.97796981,6.641033459,4.231103593,15.49288983
MB,1950,B1,C1,M,historical,18.65544464,11.91748376,13.11406815,7.658073779,3.376669111,17.84408007
MB,1950,B1,D1,M,historical,13.41858392,7.78625538,8.405079614,4.230407601,1.603252961,12.9500886
MS,1950,B1,A1,M,historical,18.04229176,12.64285073,13.25911885,8.191783587,4.807209084,15.23216244
MS,1950,B1,B1,M,historical,13.94523822,8.657219836,9.042170993,5.013125552,2.829404405,12.3900132
MS,1950,B1,Eldo,M,historical,17.9388994,13.80183384,14.23864413,9.253662432,6.079218694,16.04949075
MB,1951,B1,A1,F,historical,16.74430682,11.95156825,12.56305288,8.26788869,5.374548397,25.78747769
MB,1951,B1,B1,F,historical,12.80899476,8.47522566,8.723189266,5.261319461,3.510398103,17.01596548
MB,1951,B1,C1,F,historical,14.93649981,9.455177227,10.30400556,5.997885037,2.846154201,22.96452405
MB,1951,B1,D1,F,historical,10.16333297,6.439943895,6.779445163,3.54879463,1.610771258,14.58857821
MS,1951,B1,A1,F,historical,28.44262389,19.74644648,20.8497374,13.29195437,8.498949215,28.48827214
MS,1951,B1,B1,F,historical,21.26058832,13.68744052,14.11460269,8.381929844,5.603354145,21.63795049
MS,1951,B1,Eldo,F,historical,27.75103822,22.13219104,22.96305061,15.92829141,10.82421396,30.03975054
MB,1951,B1,A1,M,historical,19.47423178,13.95509106,14.65387314,9.730803051,6.426595305,18.42879042
MB,1951,B1,B1,M,historical,14.93214657,9.96861603,10.24988003,6.285323268,4.288504817,14.44569191
MB,1951,B1,C1,M,historical,17.38177853,11.07377311,12.04458071,7.109250883,3.50798672,16.77677454
MB,1951,B1,D1,M,historical,11.90265867,7.619044667,8.005909187,4.300026123,2.087520281,11.68105275
MS,1951,B1,A1,M,historical,17.46512739,11.95827752,12.66958229,7.836550039,4.748600816,14.5775709
MS,1951,B1,B1,M,historical,12.94143944,8.089740202,8.369937009,4.703834993,2.90906545,11.50645854
MS,1951,B1,Eldo,M,historical,16.89243582,13.44435394,13.97410497,9.506157223,6.221826381,15.24037076
MB,1952,B1,A1,F,historical,17.68866221,14.52991645,14.56961933,10.43956135,7.602745024,29.47195038
MB,1952,B1,B1,F,historical,14.15114235,10.95326786,10.85647585,7.264895986,5.283298044,20.8634531
MB,1952,B1,C1,F,historical,15.62395064,11.30522576,12.05263422,7.68537308,3.909320852,26.63484035
MB,1952,B1,D1,F,historical,11.7771813,7.890530508,8.310169872,4.730743245,2.193018064,17.81462654
MS,1952,B1,A1,F,historical,29.90239466,23.87740374,24.02534562,16.71099223,12.07396563,31.99747136
MS,1952,B1,B1,F,historical,23.71441973,17.85006821,17.43341675,11.73147194,8.364839812,25.30958936
MS,1952,B1,Eldo,F,historical,30.105342,27.49255851,27.48626446,20.12319968,15.27015546,34.25225798
MB,1952,B1,A1,M,historical,20.62739617,16.9328412,16.98504728,12.23484194,8.988881604,20.6012008
MB,1952,B1,B1,M,historical,16.51962127,12.82188832,12.71416552,8.592800304,6.330681985,16.73510269
MB,1952,B1,C1,M,historical,18.22915621,13.20645987,14.06578596,9.051917583,4.734249702,18.54610019
MB,1952,B1,D1,M,historical,13.7754121,9.289452598,9.769628636,5.663711808,2.766685675,13.70885568
MS,1952,B1,A1,M,historical,18.22685491,14.53735939,14.61809547,9.978423461,7.00640544,16.38080131
MS,1952,B1,B1,M,historical,14.39570238,10.71575438,10.43693711,6.81500291,4.642078478,13.37799918
MS,1952,B1,Eldo,M,historical,18.21460311,16.80993375,16.78813864,12.14073854,9.038218558,17.60129303
MB,1953,B1,A1,F,historical,18.07447746,13.68877325,13.99514997,9.290881406,6.668697718,27.69152804
MB,1953,B1,B1,F,historical,14.43683379,10.13699143,10.17253878,6.1710143,4.525026789,19.32899471
MB,1953,B1,C1,F,historical,15.83217021,10.57768947,11.34628312,6.704213815,3.448398458,24.39918918
MB,1953,B1,D1,F,historical,10.8262063,7.017379118,7.256687826,3.710026759,1.812415064,14.75120131
MS,1953,B1,A1,F,historical,30.43526785,22.63686193,23.23085117,14.87271235,10.45956146,30.90831458
MS,1953,B1,B1,F,historical,24.13847688,16.35479405,16.43169717,9.719841723,7.090568976,24.575526
MS,1953,B1,Eldo,F,historical,30.0641631,24.80041859,24.95342379,17.14517142,12.93621791,32.54732088
MB,1953,B1,A1,M,historical,21.0075152,15.95444159,16.30313584,10.91025237,7.918954254,19.88552505
MB,1953,B1,B1,M,historical,16.80318955,11.88018315,11.91726822,7.335824741,5.461956378,16.23139797
MB,1953,B1,C1,M,historical,18.42165197,12.36746096,13.24689322,7.925245902,4.20649282,17.62482657
MB,1953,B1,D1,M,historical,12.66626219,8.288679976,8.560423545,4.494499682,2.330009497,12.5710373
MS,1953,B1,A1,M,historical,18.71086708,13.78277033,14.16994992,8.825461024,5.973107607,15.76287058
MS,1953,B1,B1,M,historical,14.76887991,9.772724931,9.831203315,5.534249484,3.827641828,12.9882486
MS,1953,B1,Eldo,M,historical,18.38142895,15.13226887,15.23138186,10.26144995,7.54335051,16.74645611
MB,1954,B1,A1,F,historical,18.3233882,14.83098281,14.82861157,10.11275804,7.829525306,29.45541559
MB,1954,B1,B1,F,historical,14.80553001,11.25731971,11.04882161,7.103274991,5.62752379,21.12238274
MB,1954,B1,C1,F,historical,16.03022136,11.36989229,11.98338341,7.316534978,4.088956299,24.99894823
MB,1954,B1,D1,F,historical,11.4005482,7.848318514,7.979140593,4.386145978,2.431934794,16.41377442
MS,1954,B1,A1,F,historical,30.56907426,24.72079575,24.80096383,16.33753198,12.34212133,31.42638892
MS,1954,B1,B1,F,historical,24.855713,18.41230735,18.10674799,11.36651296,8.860779015,25.19193876
MS,1954,B1,Eldo,F,historical,33.06419635,27.37703795,27.10473698,18.52521424,14.86802033,34.03093983
MB,1954,B1,A1,M,historical,21.30851626,17.2687361,17.26326913,11.85354195,9.25010691,20.34093888
MB,1954,B1,B1,M,historical,17.24074763,13.16808275,12.92522129,8.404986226,6.726326798,16.58148134
MB,1954,B1,C1,M,historical,18.66216187,13.27890164,13.98056078,8.628119126,4.942546873,18.0706737
MB,1954,B1,D1,M,historical,13.33441553,9.244392314,9.391322703,5.270271712,3.042180424,13.29295921
MS,1954,B1,A1,M,historical,18.75284617,15.10471009,15.16464908,9.759493389,7.171850729,16.0420459
MS,1954,B1,B1,M,historical,15.19355003,11.08112934,10.89662858,6.585863276,4.95413093,13.18830114
MS,1954,B1,Eldo,M,historical,20.33141524,16.78447019,16.61653374,11.14280206,8.7737133,17.36770185
MB,1955,B1,A1,F,historical,17.88356342,13.14751594,13.43175291,8.819411079,6.336772836,27.11267155
MB,1955,B1,B1,F,historical,14.1256718,9.809344889,9.865825313,6.072814147,4.399658497,18.56122626
MB,1955,B1,C1,F,historical,14.99201907,9.440910533,10.14363194,5.763514132,2.893726197,21.96315632
MB,1955,B1,D1,F,historical,11.68132124,7.27664253,7.647320221,3.923371255,1.772693078,16.33600893
MS,1955,B1,A1,F,historical,30.41404116,21.57625474,22.12479445,14.05817095,9.913779912,30.42659127
MS,1955,B1,B1,F,historical,23.51911592,15.80844807,15.92848828,9.618954086,6.912065143,24.11186252
MS,1955,B1,Eldo,F,historical,30.29698204,24.2194627,24.33866924,16.47316979,12.43955345,32.24522361
MB,1955,B1,A1,M,historical,20.77438145,15.33018155,15.65325599,10.36844634,7.536456431,19.67436521
MB,1955,B1,B1,M,historical,16.44544425,11.50282959,11.56401544,7.221082215,5.315188794,15.97806185
MB,1955,B1,C1,M,historical,17.43810783,11.06164726,11.86466161,6.846110959,3.568817403,16.57677757
MB,1955,B1,D1,M,historical,13.64058925,8.581960774,9.004043528,4.736131979,2.282064983,13.33773653
MS,1955,B1,A1,M,historical,18.73778875,13.11156093,13.47009971,8.308429677,5.63001651,15.60705894
MS,1955,B1,B1,M,historical,14.37408138,9.428498024,9.514433616,5.476731791,3.721994744,12.82334202
MS,1955,B1,Eldo,M,historical,18.57161139,14.776514,14.85505209,9.837919722,7.232732328,16.57873052
MB,1956,B1,A1,F,historical,18.11207973,13.63183293,13.92861616,9.073001748,6.377444105,27.39669044
MB,1956,B1,B1,F,historical,14.1986421,9.857336184,9.873436874,5.814683753,4.147684628,18.84610475
MB,1956,B1,C1,F,historical,15.88080892,10.41299155,11.18588968,6.39736719,3.100568097,24.28343101
MB,1956,B1,D1,F,historical,10.996098,6.721318211,6.973150698,3.301598017,1.422550244,14.46828458
MS,1956,B1,A1,F,historical,30.57283987,22.51873452,23.11205726,14.49115933,9.961519918,30.86036051
MS,1956,B1,B1,F,historical,23.72669047,15.8571766,15.92062819,9.145717999,6.483217984,24.06971483
MS,1956,B1,Eldo,F,historical,30.42319462,25.43905382,25.65595458,17.23822202,12.6449339,32.71223874
MB,1956,B1,A1,M,historical,21.04657584,15.88522327,16.22292206,10.65749188,7.583233652,19.89344782
MB,1956,B1,B1,M,historical,16.5267447,11.55707552,11.57173022,6.925028873,5.028055261,15.95446291
MB,1956,B1,C1,M,historical,18.47106832,12.17535529,13.05948318,7.571578678,3.806732244,17.69847272
MB,1956,B1,D1,M,historical,12.84942708,7.946592832,8.231833716,4.024606927,1.882356105,12.59314955
MS,1956,B1,A1,M,historical,18.81018339,13.71642558,14.10355098,8.588927552,5.659579989,15.79721873
MS,1956,B1,B1,M,historical,14.51410568,9.46067737,9.511366522,5.174124511,3.443953342,12.77819498
MS,1956,B1,Eldo,M,historical,18.60801778,15.55654761,15.69665287,10.33184392,7.364177502,16.73278322
MB,1957,B1,A1,F,historical,17.84193331,13.11660454,13.70292768,9.256981968,6.176458483,28.14771921
MB,1957,B1,B1,F,historical,13.69939123,9.608665224,9.839016426,6.292872687,4.178060255,19.53421014
MB,1957,B1,C1,F,historical,15.24052107,9.65960189,10.6519516,6.348562563,2.913973232,23.87931521
MB,1957,B1,D1,F,historical,11.19215304,6.846040341,7.365388008,3.94065638,1.592189173,16.05825527
MS,1957,B1,A1,F,historical,30.38913984,21.52906686,22.61180028,14.78029785,9.753851944,31.17603132
MS,1957,B1,B1,F,historical,22.91712453,15.46517419,15.84478399,10.06204628,6.66849751,24.23649345
MS,1957,B1,Eldo,F,historical,31.61129937,24.87565673,25.76046811,17.3587493,12.09825691,33.09768458
MB,1957,B1,A1,M,historical,20.75674844,15.30265487,15.97374708,10.87506184,7.354711095,20.09305903
MB,1957,B1,B1,M,historical,15.98422124,11.27865958,11.54265575,7.477397825,5.062297134,15.9423481
MB,1957,B1,C1,M,historical,17.75551694,11.31950448,12.45604829,7.521005681,3.591464859,17.48061721
MB,1957,B1,D1,M,historical,13.0918968,8.089899663,8.683963519,4.756561443,2.072853139,13.08815759
MS,1957,B1,A1,M,historical,18.65182481,13.0628552,13.75882768,8.757114294,5.525533783,15.99567345
MS,1957,B1,B1,M,historical,13.92758167,9.195449818,9.438020198,5.751572283,3.566759561,12.71229709
MS,1957,B1,Eldo,M,historical,19.38710051,15.19575061,15.76450689,10.39912542,7.007915931,16.8802084
MB,1958,B1,A1,F,historical,18.82624121,13.51534466,14.0980184,9.307112785,6.200548336,28.85173828
MB,1958,B1,B1,F,historical,14.56314958,9.784494562,10.02557811,6.114259632,4.132978155,19.08850272
MB,1958,B1,C1,F,historical,17.28646044,11.00026397,11.96412811,7.001282852,3.397557946,26.33113021
MB,1958,B1,D1,F,historical,12.12662942,7.717364558,8.117493448,4.256764163,1.936817645,17.33356134
MS,1958,B1,A1,F,historical,32.20606076,22.24799936,23.33057671,14.83172874,9.685988109,31.64689792
MS,1958,B1,B1,F,historical,24.27818422,15.70321607,16.1303644,9.620617485,6.472772935,24.77680047
MS,1958,B1,Eldo,F,historical,31.76422605,25.27217562,26.07731287,17.78568924,12.29427039,33.29132397
MB,1958,B1,A1,M,historical,21.8563951,15.74888539,16.41419378,10.92504104,7.379865753,20.33856192
MB,1958,B1,B1,M,historical,16.94323081,11.47253804,11.7452385,7.268156993,5.010190133,16.40506076
MB,1958,B1,C1,M,historical,20.07279937,12.84623681,13.94853051,8.263561336,4.148111313,18.85861992
MB,1958,B1,D1,M,historical,14.15571712,9.088316778,9.543931249,5.119213741,2.472360464,13.71377314
MS,1958,B1,A1,M,historical,19.88317538,13.54863744,14.24846389,8.807023478,5.485671491,16.1475733
MS,1958,B1,B1,M,historical,14.8679326,9.364204182,9.646318623,5.477231278,3.440078951,13.19107882
MS,1958,B1,Eldo,M,historical,19.48000563,15.45696319,15.97310053,10.6827604,7.141602479,16.91355398
MB,1959,B1,A1,F,historical,19.30747785,14.23274556,14.89068264,9.951497195,6.546642552,30.61329133
MB,1959,B1,B1,F,historical,15.32999029,10.41247018,10.78067831,6.638526319,4.311583086,21.54961209
MB,1959,B1,C1,F,historical,17.09077308,11.30734784,12.4523224,7.443694508,3.33156111,27.22539775
MB,1959,B1,D1,F,historical,11.75896297,7.647810226,8.17950473,4.348980383,1.751560097,17.33359448
MS,1959,B1,A1,F,historical,33.02296373,23.57426099,24.82958223,15.93792075,10.21881961,32.43324228
MS,1959,B1,B1,F,historical,25.81603914,16.8306075,17.50882377,10.47512238,6.732183596,25.90584522
MS,1959,B1,Eldo,F,historical,33.4058508,26.2730238,27.20695295,18.49815512,12.71345985,34.49802751
MB,1959,B1,A1,M,historical,22.42602918,16.57531625,17.32767093,11.66608911,7.779464537,20.79070301
MB,1959,B1,B1,M,historical,17.83229278,12.1948213,12.61330326,7.870921589,5.218177411,16.96087593
MB,1959,B1,C1,M,historical,19.87685726,13.20228226,14.51392753,8.772897313,4.074828041,19.083464
MB,1959,B1,D1,M,historical,13.75274035,9.012445836,9.6202108,5.227644527,2.262101085,13.95908961
MS,1959,B1,A1,M,historical,20.36209806,14.38805629,15.19736368,9.507723459,5.817585097,16.42263806
MS,1959,B1,B1,M,historical,15.83128444,10.07948521,10.52257565,6.017560409,3.596732571,13.50215756
MS,1959,B1,Eldo,M,historical,20.52076702,16.08701377,16.68485161,11.12895821,7.399212075,17.43623034
MB,2015,B1,A1,F,contemporary,19.40892454,14.58411597,14.90954626,10.04584078,7.181948495,30.05174567
MB,2015,B1,B1,F,contemporary,15.82621837,11.16172573,11.25031117,7.108583873,5.105349453,22.01315624
MB,2015,B1,C1,F,contemporary,16.88157434,11.21412982,11.96187605,7.073764001,3.724112164,26.00196197
MB,2015,B1,D1,F,contemporary,12.37266285,7.979619241,8.238790117,4.332308891,2.199290139,17.06070407
MS,2015,B1,A1,F,contemporary,32.95945906,24.08664531,24.73814301,16.0765495,11.22810103,32.92621482
MS,2015,B1,B1,F,contemporary,26.63440018,18.03485721,18.22612078,11.24094461,7.972019913,26.84711285
MS,2015,B1,Eldo,F,contemporary,32.9938612,26.53652115,26.87054053,18.29360643,13.63261922,34.0745411
MB,2015,B1,A1,M,contemporary,22.53733936,16.98247602,17.35298915,11.7794877,8.512266428,21.128787
MB,2015,B1,B1,M,contemporary,18.40297697,13.05820952,13.15616181,8.414841116,6.132609981,17.67133624
MB,2015,B1,C1,M,contemporary,19.61999004,13.09931435,13.95411184,8.353493984,4.529450386,18.62822581
MB,2015,B1,D1,M,contemporary,14.43833459,9.395016438,9.689082579,5.213311751,2.781221991,14.10521258
MS,2015,B1,A1,M,contemporary,20.3276525,14.70246234,15.1269698,9.582839165,6.449204335,16.7528913
MS,2015,B1,B1,M,contemporary,16.34838279,10.83570029,10.96757844,6.493254746,4.374684047,14.13281313
MS,2015,B1,Eldo,M,contemporary,20.27436494,16.24582807,16.46311342,10.98555159,7.973953299,17.39948799
MB,2016,B1,A1,F,contemporary,19.84670012,15.72709685,15.86701709,10.80791641,8.167420962,31.63065191
MB,2016,B1,B1,F,contemporary,16.23217242,12.0710836,11.95283568,7.598380289,5.891801785,22.68475425
MB,2016,B1,C1,F,contemporary,17.54151208,12.58458132,13.27949506,8.141503179,4.568956007,27.92921961
MB,2016,B1,D1,F,contemporary,13.15357578,8.856217943,9.04481474,4.888433213,2.681133751,18.69983417
MS,2016,B1,A1,F,contemporary,33.57561013,26.13857827,26.47432571,17.38651867,12.81914813,33.83903651
MS,2016,B1,B1,F,contemporary,27.34056653,19.52053635,19.35723724,12.01374707,9.208081531,28.00990893
MS,2016,B1,Eldo,F,contemporary,33.4201025,27.92375816,27.80984913,19.13742336,15.16095305,35.21460584
MB,2016,B1,A1,M,contemporary,23.05540127,18.2966775,18.45479025,12.65387032,9.641439708,21.75378702
MB,2016,B1,B1,M,contemporary,18.87701363,14.10295301,13.9638561,8.977760965,7.034174052,18.37241662
MB,2016,B1,C1,M,contemporary,20.40165933,14.67220751,15.46764215,9.576694564,5.49716814,19.51166844
MB,2016,B1,D1,M,contemporary,15.33919734,10.39957366,10.61265406,5.850592469,3.334088989,15.00679734
MS,2016,B1,A1,M,contemporary,20.67987169,16.00565475,16.22793984,10.41764798,7.464321238,17.23256291
MS,2016,B1,B1,M,contemporary,16.77907244,11.77745534,11.68275698,6.981842537,5.161468288,14.74520008
MS,2016,B1,Eldo,M,contemporary,20.5284148,17.1218267,17.05374603,11.52098208,8.949055301,18.03299153
MB,2017,B1,A1,F,contemporary,19.44486927,14.17023291,14.57212301,9.671570137,6.863846065,29.33660264
MB,2017,B1,B1,F,contemporary,15.78229324,10.86370087,11.04392964,6.841173835,4.830479053,20.79328571
MB,2017,B1,C1,F,contemporary,16.59535913,10.90188504,11.67634623,6.842109053,3.517193915,24.99346587
MB,2017,B1,D1,F,contemporary,13.96562062,8.998120074,9.457819331,5.078326916,2.422151982,19.82931739
MS,2017,B1,A1,F,contemporary,33.22399671,23.24951139,24.01394419,15.36529318,10.69338468,32.96480152
MS,2017,B1,B1,F,contemporary,26.37340145,17.44632008,17.78139451,10.7371295,7.517228583,26.83161739
MS,2017,B1,Eldo,F,contemporary,33.35356366,25.80625484,26.17911655,17.51186098,13.1872717,34.08375571
MB,2017,B1,A1,M,contemporary,22.56607421,16.50694058,16.96470424,11.35118621,8.148277748,21.14561529
MB,2017,B1,B1,M,contemporary,18.34730105,12.71638628,12.91932602,8.108917024,5.817962512,17.73709823
MB,2017,B1,C1,M,contemporary,19.29246552,12.74314416,13.62886234,8.090238636,4.293624419,18.58872236
MB,2017,B1,D1,M,contemporary,16.26868341,10.56077891,11.08494879,6.067949307,3.037253641,15.63672372
MS,2017,B1,A1,M,contemporary,20.53036553,14.1674887,14.6646532,9.12519994,6.106347467,16.81396221
MS,2017,B1,B1,M,contemporary,16.19013734,10.45850726,10.68208643,6.168956175,4.083536713,14.28090071
MS,2017,B1,Eldo,M,contemporary,20.5485682,15.78285949,16.02679577,10.48317879,7.68795959,17.45564225
MB,2018,B1,A1,F,contemporary,19.7080523,15.13889392,15.34978088,10.52243693,7.796884811,31.03409485
MB,2018,B1,B1,F,contemporary,16.33571892,11.69090761,11.68041499,7.450143432,5.592938715,21.98158371
MB,2018,B1,C1,F,contemporary,17.24842313,11.88870791,12.49678312,7.586153683,4.313080366,26.3393854
MB,2018,B1,D1,F,contemporary,13.07208436,8.940244924,9.137080896,5.114331266,2.864884938,18.41190795
MS,2018,B1,A1,F,contemporary,33.3293195,25.03647243,25.42246397,16.86581397,12.21139985,33.83071233
MS,2018,B1,B1,F,contemporary,27.44816374,18.86546115,18.87940521,11.73946559,8.705648023,27.95907056
MS,2018,B1,Eldo,F,contemporary,33.10921394,27.20554476,27.16852678,18.83365976,14.72353271,34.86289699
MB,2018,B1,A1,M,contemporary,22.88311238,17.61902021,17.8584343,12.32528709,9.216111005,21.69611103
MB,2018,B1,B1,M,contemporary,18.98265817,13.66393265,13.64813224,8.805784323,6.691216751,18.29748878
MB,2018,B1,C1,M,contemporary,20.04510951,13.87321192,14.56784198,8.941283501,5.205346334,19.25917277
MB,2018,B1,D1,M,contemporary,15.24976866,10.49795181,10.72053488,6.110023156,3.545647551,14.88752811
MS,2018,B1,A1,M,contemporary,20.55402107,15.30771893,15.56067799,10.08763725,7.07821269,17.20347862
MS,2018,B1,B1,M,contemporary,16.87717633,11.36659593,11.38548449,6.811110017,4.841701583,14.70176174
MS,2018,B1,Eldo,M,contemporary,20.34627991,16.67035749,16.64965645,11.3303303,8.67331465,17.74063784
MB,2019,B1,A1,F,contemporary,19.72600756,14.94409365,15.35254025,10.40954805,7.46204406,30.74763542
MB,2019,B1,B1,F,contemporary,15.7496992,11.20940306,11.31101335,7.182978822,5.27029578,21.51308938
MB,2019,B1,C1,F,contemporary,17.98194642,11.93593613,12.86917524,7.743668707,4.045728292,28.0595788
MB,2019,B1,D1,F,contemporary,12.9947952,8.29812629,8.656944755,4.62985746,2.37865778,18.41024036
MS,2019,B1,A1,F,contemporary,33.49951557,24.73906914,25.51451034,16.68805599,11.70480544,33.86552991
MS,2019,B1,B1,F,contemporary,26.33366427,18.06464622,18.25359046,11.33999067,8.261257602,27.20531031
MS,2019,B1,Eldo,F,contemporary,33.7931137,27.84762733,28.32745499,19.56329752,14.5311658,35.56353064
MB,2019,B1,A1,M,contemporary,22.90558299,17.39363298,17.85959026,12.19364024,8.8289968,21.64345461
MB,2019,B1,B1,M,contemporary,18.31783774,13.11143889,13.22455816,8.498043185,6.317055508,17.8617888
MB,2019,B1,C1,M,contemporary,20.88599811,13.92318802,14.99134912,9.118076581,4.893654494,19.86568868
MB,2019,B1,D1,M,contemporary,15.14915883,9.755994608,10.16446463,5.550532772,2.981609624,14.63603238
MS,2019,B1,A1,M,contemporary,20.66148707,15.12384511,15.62640624,9.979981474,6.764278502,17.22020033
MS,2019,B1,B1,M,contemporary,16.14683177,10.85736017,10.98661023,6.561137975,4.57097601,14.38541919
MS,2019,B1,Eldo,M,contemporary,20.74864668,17.08319074,17.39170027,11.80361983,8.558511161,18.19057022
MB,2020,B1,A1,F,contemporary,19.80737196,16.09840481,16.09318206,11.08795891,8.617943547,31.56375403
MB,2020,B1,B1,F,contemporary,16.05262512,12.51364531,12.26174135,7.978101535,6.374259703,23.28513475
MB,2020,B1,C1,F,contemporary,17.78371701,12.90761112,13.4397146,8.295556003,4.961017591,28.23488534
MB,2020,B1,D1,F,contemporary,13.02367035,8.911972116,8.94376471,4.880763443,2.995625155,18.16125752
MS,2020,B1,A1,F,contemporary,33.39820018,26.86514404,26.93593317,17.90061892,13.55674312,33.93468226
MS,2020,B1,B1,F,contemporary,27.00967861,20.39674702,20.01498014,12.74095526,9.995473884,27.87091425
MS,2020,B1,Eldo,F,contemporary,33.7389622,29.42364615,29.00323425,20.6055389,16.47458197,35.86297409
MB,2020,B1,A1,M,contemporary,23.01236444,18.72108596,18.71246089,12.97225726,10.15513838,21.81537433
MB,2020,B1,B1,M,contemporary,18.68001607,14.60977935,14.31748034,9.410825251,7.584679194,18.29274373
MB,2020,B1,C1,M,contemporary,20.67087883,15.04058765,15.6486784,9.750524491,5.944464293,19.72096589
MB,2020,B1,D1,M,contemporary,15.1851155,10.46455824,10.49683969,5.841474942,3.693902259,14.98238505
MS,2020,B1,A1,M,contemporary,20.55954004,16.47478189,16.52836344,10.75323655,7.941334161,17.28969524
MS,2020,B1,B1,M,contemporary,16.54654442,12.34102476,12.10703317,7.453485178,5.669689076,14.60786811
MS,2020,B1,Eldo,M,contemporary,20.68355662,18.07318446,17.80509423,12.46725545,9.796185709,18.34483992
MB,2021,B1,A1,F,contemporary,19.66226461,15.44043872,15.58992932,10.63954675,8.068461342,30.89128926
MB,2021,B1,B1,F,contemporary,16.42299647,12.079819,12.01333696,7.641800166,5.894657448,22.67504591
MB,2021,B1,C1,F,contemporary,16.83573714,11.77637942,12.30201798,7.466136977,4.40622539,25.87769225
MB,2021,B1,D1,F,contemporary,13.83866278,9.702403618,9.946787415,5.598535196,3.212783518,20.37665594
MS,2021,B1,A1,F,contemporary,32.98535267,25.56378121,25.88570841,17.05094394,12.63372659,33.60477643
MS,2021,B1,B1,F,contemporary,27.46841173,19.5705568,19.48587433,12.05143245,9.1758241,28.08336039
MS,2021,B1,Eldo,F,contemporary,33.84030383,27.73644274,27.68518055,19.09672621,15.09283371,35.06122627
MB,2021,B1,A1,M,contemporary,22.8372886,17.9673938,18.13636675,12.46091264,9.527724433,21.74250777
MB,2021,B1,B1,M,contemporary,19.08919802,14.11125133,14.03173041,9.026675745,7.037083399,18.46502595
MB,2021,B1,C1,M,contemporary,19.57718508,13.74898904,14.34966512,8.805897811,5.312680717,18.87190305
MB,2021,B1,D1,M,contemporary,16.13572491,11.37245887,11.65005486,6.666353822,3.945067293,15.88338651
MS,2021,B1,A1,M,contemporary,20.31263326,15.63830471,15.851334,10.2021351,7.346241461,17.27593018
MS,2021,B1,B1,M,contemporary,16.87184667,11.81422969,11.76893528,7.007077491,5.140934636,14.80709013
MS,2021,B1,Eldo,M,contemporary,20.81534507,17.00382917,16.97578089,11.49509278,8.906431065,18.02091947
MB,2022,B1,A1,F,contemporary,19.67598875,15.52273259,15.75495939,10.82973645,8.132210472,30.60650891
MB,2022,B1,B1,F,contemporary,16.07552271,11.76585243,11.74461874,7.473723049,5.735889343,22.28725391
MB,2022,B1,C1,F,contemporary,16.99137582,12.22707673,12.96346265,8.106595718,4.542768344,26.78062768
MB,2022,B1,D1,F,contemporary,13.96376109,9.917736786,10.32062755,6.009993592,3.245767803,21.23220041
MS,2022,B1,A1,F,contemporary,32.95508492,25.80094459,26.30442757,17.41493413,12.74707401,33.69598245
MS,2022,B1,B1,F,contemporary,27.03074684,19.06159372,19.07327768,11.79521341,8.930599735,27.32621233
MS,2022,B1,Eldo,F,contemporary,33.06209162,28.84298029,28.93275632,20.52674624,15.83259723,35.78628138
MB,2022,B1,A1,M,contemporary,22.86153176,18.06583962,18.33019234,12.68207082,9.603984978,21.62958281
MB,2022,B1,B1,M,contemporary,18.69330505,13.7549718,13.72734754,8.837244724,6.858576751,17.9552196
MB,2022,B1,C1,M,contemporary,19.77902954,14.26935539,15.11303084,9.542155812,5.471387345,19.38536533
MB,2022,B1,D1,M,contemporary,16.29302673,11.62088984,12.08109686,7.138293256,3.983321959,15.85391287
MS,2022,B1,A1,M,contemporary,20.27174035,15.78188585,16.11048253,10.42776348,7.410925067,17.13295988
MS,2022,B1,B1,M,contemporary,16.58968613,11.48090333,11.49751702,6.836200999,4.97636797,14.35568767
MS,2022,B1,Eldo,M,contemporary,20.22537593,17.69154228,17.74841271,12.40266067,9.373037035,18.28481247
MB,2023,B1,A1,F,contemporary,17.80417539,12.98829283,13.46713376,8.9858111,6.265905672,26.66837668
MB,2023,B1,B1,F,contemporary,14.51763536,9.807223999,10.0058166,6.131675512,4.350954228,19.17669408
MB,2023,B1,C1,F,contemporary,16.06241762,10.73584803,11.50843511,6.880134181,3.662752096,24.27206467
MB,2023,B1,D1,F,contemporary,11.26997191,7.381150287,7.625939377,4.011204699,2.117698415,15.32271831
MS,2023,B1,A1,F,contemporary,29.95566253,21.49345373,22.35945164,14.4159289,9.896826226,30.0857025
MS,2023,B1,B1,F,contemporary,24.30615374,15.80494032,16.13163508,9.665274215,6.866537016,24.83651012
MS,2023,B1,Eldo,F,contemporary,28.9838204,23.18328537,23.64306856,16.34456121,12.0762454,31.06455062
MB,2023,B1,A1,M,contemporary,20.69552706,15.15489615,15.70156146,10.56523422,7.460055273,19.48353489
MB,2023,B1,B1,M,contemporary,16.89524596,11.50474392,11.72914425,7.294505932,5.264488867,16.37294005
MB,2023,B1,C1,M,contemporary,18.68875745,12.55326989,13.43769294,8.132432059,4.456304104,17.79811276
MB,2023,B1,D1,M,contemporary,13.18101526,8.710176491,8.988756211,4.844608112,2.683185187,12.98629131
MS,2023,B1,A1,M,contemporary,18.40880975,13.0453254,13.60498673,8.523699419,5.609652108,15.47803904
MS,2023,B1,B1,M,contemporary,14.87755887,9.415514329,9.631817177,5.490385651,3.681128844,13.14268255
MS,2023,B1,Eldo,M,contemporary,17.69742087,14.09172349,14.38748748,9.739762588,6.988543462,16.15172969
MB,2024,B1,A1,F,contemporary,20.17455747,16.20976934,16.32353806,11.26785686,8.641006164,32.27012771
MB,2024,B1,B1,F,contemporary,15.85271065,11.98827176,11.77219357,7.52423236,6.042897243,21.56937795
MB,2024,B1,C1,F,contemporary,18.08583232,12.88202808,13.58473149,8.435731842,4.854514299,28.34586394
MB,2024,B1,D1,F,contemporary,13.65754052,10.02582815,10.31905783,6.033508189,3.389034908,21.56814952
MS,2024,B1,A1,F,contemporary,34.08494107,27.01481107,27.30459756,18.16163979,13.57298097,34.45657976
MS,2024,B1,B1,F,contemporary,26.59890603,19.41705672,19.09272143,11.90561142,9.425114199,27.1417223
MS,2024,B1,Eldo,F,contemporary,33.83658471,30.50813628,30.41244534,21.55016082,16.93747559,36.62623057
MB,2024,B1,A1,M,contemporary,23.43628181,18.85263873,18.98071231,13.18276549,10.18587982,22.13984058
MB,2024,B1,B1,M,contemporary,18.44189585,14.01064795,13.75961351,8.895697367,7.21022365,17.93485177
MB,2024,B1,C1,M,contemporary,21.02144515,15.01523337,15.8194875,9.916788365,5.827669515,20.06107009
MB,2024,B1,D1,M,contemporary,15.95043617,11.74686511,12.08124152,7.165107696,4.14735989,15.85462047
MS,2024,B1,A1,M,contemporary,20.99191252,16.5599022,16.75295527,10.9083228,7.940625446,17.53651122
MS,2024,B1,B1,M,contemporary,16.30329322,11.70567584,11.50777281,6.905945844,5.292147312,14.40759664
MS,2024,B1,Eldo,M,contemporary,20.70211616,18.75992867,18.69969496,13.06141517,10.08200571,18.70321306
MB,1950,C1,A1,F,historical,16.43635551,12.3300258,12.82730753,8.618651596,5.63339201,25.88913238
MB,1950,C1,B1,F,historical,13.30465075,9.029665002,9.319020914,5.708714735,3.663688657,17.68623479
MB,1950,C1,C1,F,historical,15.25836266,10.04334601,10.99859779,6.555993264,2.923397406,23.82708497
MB,1950,C1,D1,F,historical,11.12809033,6.61586361,7.119437649,3.633162102,1.371923349,15.09526161
MB,1950,C1,A1,M,historical,19.08914435,14.34780403,14.91652883,10.09278862,6.686297484,18.54937242
MB,1950,C1,B1,M,historical,15.46280663,10.56369069,10.89209419,6.760294279,4.430360575,15.11273766
MB,1950,C1,C1,M,historical,17.71909662,11.7071258,12.80026339,7.710902815,3.563506228,17.2442798
MB,1950,C1,D1,M,historical,12.95953702,7.783298278,8.357100994,4.364744711,1.785610197,12.66644584
MB,1951,C1,A1,F,historical,15.93109436,11.710964,12.26653918,8.294572967,5.536274264,24.38974199
MB,1951,C1,B1,F,historical,12.44265531,8.477571294,8.70799663,5.401186763,3.702644169,16.35581697
MB,1951,C1,C1,F,historical,14.29061219,9.345005399,10.13233473,6.086704787,3.027715355,21.76515709
MB,1951,C1,D1,F,historical,9.871272996,6.423995934,6.734962407,3.663186505,1.786072419,13.99627674
MB,1951,C1,A1,M,historical,18.50402594,13.641746,14.27661884,9.725221496,6.576751639,17.81903099
MB,1951,C1,B1,M,historical,14.47591412,9.935196735,10.19654755,6.41200187,4.475988731,14.13236628
MB,1951,C1,C1,M,historical,16.60530843,10.91339646,11.81363397,7.179049816,3.686142058,16.25192143
MB,1951,C1,D1,M,historical,11.53395402,7.569435953,7.923755968,4.402461714,2.260792931,11.44640348
MB,1952,C1,A1,F,historical,16.744468,14.10010401,14.13332373,10.32539375,7.701207138,27.80070493
MB,1952,C1,B1,F,historical,13.66554041,10.79952741,10.70471522,7.298142711,5.449699624,19.91834431
MB,1952,C1,C1,F,historical,14.90083947,11.05265557,11.73975219,7.669886829,4.080823204,25.13995835
MB,1952,C1,D1,F,historical,11.36424206,7.82917915,8.201388646,4.812727535,2.378044215,17.00814247
MB,1952,C1,A1,M,historical,19.50106333,16.39970716,16.44389537,12.06545352,9.063507179,19.86270406
MB,1952,C1,B1,M,historical,15.92197493,12.60717439,12.50152734,8.594990768,6.485442324,16.28618781
MB,1952,C1,C1,M,historical,17.35878623,12.8812442,13.67104106,9.000536204,4.898781102,17.90272274
MB,1952,C1,D1,M,historical,13.26552963,9.185684173,9.611695454,5.726959013,2.94901116,13.37870787
MB,1953,C1,A1,F,historical,17.16417661,13.36838124,13.63343142,9.306929831,6.825517764,26.19343334
MB,1953,C1,B1,F,historical,13.97791513,10.09242963,10.1195185,6.322139423,4.728974449,18.52909465
MB,1953,C1,C1,F,historical,15.07012695,10.40302724,11.10549783,6.780434227,3.636810424,23.1090621
MB,1953,C1,D1,F,historical,10.56998633,7.020595812,7.236294479,3.853235187,2.004055961,14.22377597
MB,1953,C1,A1,M,historical,19.92478891,15.54760035,15.8493508,10.89052404,8.06085568,19.22529214
MB,1953,C1,B1,M,historical,16.23942981,11.79068351,11.81849553,7.473192889,5.660229571,15.83513563
MB,1953,C1,C1,M,historical,17.51129018,12.13187523,12.93556816,7.979179437,4.390758099,17.06743961
MB,1953,C1,D1,M,historical,12.33677649,8.259183238,8.504122052,4.628383533,2.520403195,12.34572386
MB,1954,C1,A1,F,historical,17.36294626,14.39696959,14.36979076,10.06304412,7.941883657,27.79950439
MB,1954,C1,B1,F,historical,14.23445941,11.10487752,10.89442429,7.184894422,5.795766054,20.1499193
MB,1954,C1,C1,F,historical,15.26753292,11.13006946,11.68105482,7.360774912,4.26810018,23.66112046
MB,1954,C1,D1,F,historical,11.06734894,7.794627825,7.905993618,4.50332856,2.618755857,15.73373823
MB,1954,C1,A1,M,historical,20.16725387,16.73128122,16.69802131,11.75814412,9.340000232,19.64167196
MB,1954,C1,B1,M,historical,16.54822197,12.9546166,12.71020846,8.462353876,6.882570981,16.14207734
MB,1954,C1,C1,M,historical,17.74951748,12.96816644,13.59839957,8.644908959,5.115236304,17.48037189
MB,1954,C1,D1,M,historical,12.91612478,9.149035862,9.27405869,5.373675376,3.226037321,12.99996307
MB,1955,C1,A1,F,historical,17.03601286,12.8967,13.14427782,8.864945943,6.505835408,25.6613406
MB,1955,C1,B1,F,historical,13.68756282,9.779045723,9.824315652,6.211315493,4.599687933,17.82078231
MB,1955,C1,C1,F,historical,14.35668479,9.361591617,10.00879713,5.88200431,3.090014213,20.87952894
MB,1955,C1,D1,F,historical,11.3241835,7.281852205,7.620360144,4.068773702,1.967143737,15.66780912
MB,1955,C1,A1,M,historical,19.76423674,15.00316479,15.2846284,10.38287397,7.692872231,19.0268508
MB,1955,C1,B1,M,historical,15.90576787,11.4301001,11.4788605,7.344520808,5.509499586,15.59333869
MB,1955,C1,C1,M,historical,16.67417866,10.93578528,11.67523646,6.94928468,3.762966727,16.09832033
MB,1955,C1,D1,M,historical,13.19629254,8.554709993,8.94014116,4.872462799,2.475920134,13.04611734
MB,1956,C1,A1,F,historical,17.19534418,13.32449953,13.57564006,9.103504052,6.550821857,25.9161531
MB,1956,C1,B1,F,historical,13.75177887,9.833996109,9.837209799,5.975031712,4.361237597,18.07891998
MB,1956,C1,C1,F,historical,15.14745245,10.26710914,10.97115427,6.49285202,3.297555525,23.00576376
MB,1956,C1,D1,F,historical,10.71942167,6.76249436,6.989643121,3.460944547,1.616323836,13.95988792
MB,1956,C1,A1,M,historical,19.95689788,15.49360295,15.77949062,10.65470684,7.744455918,19.2221521
MB,1956,C1,B1,M,historical,15.9772829,11.49221846,11.49263314,7.073562028,5.237864347,15.57083161
MB,1956,C1,C1,M,historical,17.59367278,11.9728657,12.7781832,7.647923398,4.001296834,17.13664943
MB,1956,C1,D1,M,historical,12.49764931,7.960707177,8.217991602,4.177493042,2.075796586,12.35837066
MB,1957,C1,A1,F,historical,16.96506758,12.83764025,13.36484214,9.251561858,6.326968765,26.59223024
MB,1957,C1,B1,F,historical,13.26625983,9.542605486,9.764939648,6.379369947,4.357396602,18.67814875
MB,1957,C1,C1,F,historical,14.55882538,9.537426971,10.45353502,6.425644452,3.088842144,22.61512497
MB,1957,C1,D1,F,historical,10.85638745,6.843247799,7.331553179,4.056955225,1.77150204,15.38748669
MB,1957,C1,A1,M,historical,19.71068643,14.9431078,15.54658675,10.83075966,7.490188502,19.39585421
MB,1957,C1,B1,M,historical,15.44821583,11.16522837,11.41982992,7.54132573,5.233421454,15.52980556
MB,1957,C1,C1,M,historical,16.93574177,11.14418727,12.19316664,7.576104998,3.761415093,16.91237264
MB,1957,C1,D1,M,historical,12.67134691,8.054078217,8.61240373,4.859896625,2.250066518,12.78780116
MB,1958,C1,A1,F,historical,17.84339859,13.23838097,13.75982905,9.342034407,6.379947674,27.24393991
MB,1958,C1,B1,F,historical,14.11388222,9.775153902,9.995376787,6.267998752,4.345043026,18.3167502
MB,1958,C1,C1,F,historical,16.41240388,10.8527213,11.73614243,7.100295226,3.599482856,24.88907128
MB,1958,C1,D1,F,historical,11.71301835,7.690099007,8.052613195,4.388936831,2.129931894,16.58808818
MB,1958,C1,A1,M,historical,20.69175248,15.39204198,15.98751286,10.92699111,7.548209442,19.63209297
MB,1958,C1,B1,M,historical,16.3906492,11.42371573,11.67281929,7.40880852,5.218432217,16.00026022
MB,1958,C1,C1,M,historical,19.03515184,12.64123631,13.65140556,8.34304788,4.347741446,18.21553836
MB,1958,C1,D1,M,historical,13.64647229,9.023593661,9.43637773,5.240014785,2.664263897,13.40289089
MB,1959,C1,A1,F,historical,18.21646799,13.88310717,14.46254706,9.947612545,6.720767364,28.84499883
MB,1959,C1,B1,F,historical,14.74115183,10.35151249,10.68258865,6.774183149,4.526054157,20.54548233
MB,1959,C1,C1,F,historical,16.21105803,11.10299936,12.14347201,7.50777991,3.532445302,25.69353963
MB,1959,C1,D1,F,historical,11.41522822,7.605743475,8.094755609,4.472323434,1.944175259,16.58976239
MB,1959,C1,A1,M,historical,21.13667557,16.134865,16.79766862,11.62299645,7.941072708,20.04223139
MB,1959,C1,B1,M,historical,17.11982011,12.08648835,12.46278292,7.990196356,5.428576636,16.49506296
MB,1959,C1,C1,M,historical,18.83042932,12.93221746,14.12410441,8.812038473,4.273154322,18.4100698
MB,1959,C1,D1,M,historical,13.32131444,8.930722551,9.489610162,5.33807105,2.453510965,13.62782569
MB,2015,C1,A1,F,contemporary,18.38218072,14.24315306,14.52148718,10.04737748,7.342803786,28.36707892
MB,2015,C1,B1,F,contemporary,15.25315176,11.08176944,11.15292332,7.231822902,5.308996215,21.01160554
MB,2015,C1,C1,F,contemporary,16.06872656,11.04735001,11.7241365,7.163742577,3.924443827,24.5951376
MB,2015,C1,D1,F,contemporary,12.0032276,7.975734998,8.205794683,4.481403522,2.402121882,16.36648898
MB,2015,C1,A1,M,contemporary,21.32098386,16.55091538,16.86793444,11.74189613,8.657521243,20.38668653
MB,2015,C1,B1,M,contemporary,17.7074476,12.92688253,13.00533093,8.518914063,6.32919288,17.19151861
MB,2015,C1,C1,M,contemporary,18.65108645,12.87150522,13.64519307,8.422016374,4.726147699,18.01212387
MB,2015,C1,D1,M,contemporary,13.97863598,9.355784525,9.616837822,5.352435796,2.982984548,13.78883545
MB,2016,C1,A1,F,contemporary,18.74532429,15.27302494,15.37632075,10.75995075,8.293427917,29.81683954
MB,2016,C1,B1,F,contemporary,15.6296016,11.93164242,11.80959332,7.701038677,6.077351519,21.6400708
MB,2016,C1,C1,F,contemporary,16.61811375,12.29059238,12.90578643,8.170752722,4.753540031,26.36496374
MB,2016,C1,D1,F,contemporary,12.70549156,8.811539588,8.970835334,5.02485986,2.884355495,17.87748126
MB,2016,C1,A1,M,contemporary,21.75248677,17.73517313,17.85187923,12.5591175,9.745902946,20.97075674
MB,2016,C1,B1,M,contemporary,18.14671451,13.90281868,13.75992758,9.057712833,7.209147736,17.84907941
MB,2016,C1,C1,M,contemporary,19.30441558,14.29837298,15.00275538,9.575064033,5.674901892,18.83491845
MB,2016,C1,D1,M,contemporary,14.78888985,10.31296633,10.49292949,5.97460462,3.535545303,14.63173469
MB,2017,C1,A1,F,contemporary,18.47095983,13.88885223,14.24520424,9.712343639,7.038230129,27.73278944
MB,2017,C1,B1,F,contemporary,15.26600331,10.82178748,10.98289955,6.990602489,5.043389085,19.92902858
MB,2017,C1,C1,F,contemporary,15.87501072,10.76855198,11.47528422,6.944050623,3.721227606,23.70483876
MB,2017,C1,D1,F,contemporary,13.41579431,8.942693304,9.355928303,5.216067134,2.627847029,18.9177038
MB,2017,C1,A1,M,contemporary,21.41058717,16.14346314,16.54942117,11.35844066,8.309231306,20.42015261
MB,2017,C1,B1,M,contemporary,17.71654315,12.62853139,12.80993482,8.242937429,6.02537803,17.28159587
MB,2017,C1,C1,M,contemporary,18.42852939,12.55344655,13.36164216,8.17241003,4.494679713,18.00653567
MB,2017,C1,D1,M,contemporary,15.60226961,10.46194778,10.93316786,6.193201945,3.241878564,15.21935157
MB,2018,C1,A1,F,contemporary,18.6815159,14.75850278,14.93452133,10.49991559,7.937628899,29.27514921
MB,2018,C1,B1,F,contemporary,15.75266646,11.5989928,11.57974719,7.575567713,5.793237169,21.01047818
MB,2018,C1,C1,F,contemporary,16.43966824,11.69373635,12.2374038,7.65631324,4.509799449,24.93155094
MB,2018,C1,D1,F,contemporary,12.62136736,8.875678175,9.03983323,5.233768962,3.064717456,17.6232098
MB,2018,C1,A1,M,contemporary,21.66628767,17.14201111,17.34190616,12.25984779,9.337831407,20.91923831
MB,2018,C1,B1,M,contemporary,18.27550774,13.51839834,13.4930688,8.911889153,6.883336985,17.79210834
MB,2018,C1,C1,M,contemporary,19.07987137,13.61248556,14.23362361,8.986610044,5.397034079,18.61930777
MB,2018,C1,D1,M,contemporary,14.69622754,10.3885381,10.5741643,6.214450314,3.742918206,14.53183034
MB,2019,C1,A1,F,contemporary,18.68038977,14.55669405,14.91752665,10.38712485,7.602712706,29.01003159
MB,2019,C1,B1,F,contemporary,15.20073629,11.11522943,11.20466121,7.29561746,5.458001842,20.56296732
MB,2019,C1,C1,F,contemporary,17.0616094,11.72495859,12.57687664,7.810752362,4.238115502,26.4920167
MB,2019,C1,D1,F,contemporary,12.54280361,8.264632471,8.593089819,4.767616603,2.574200635,17.60761064
MB,2019,C1,A1,M,contemporary,21.66697611,16.90917618,17.32090707,12.12868592,8.951425232,20.86615002
MB,2019,C1,B1,M,contemporary,17.64943585,12.96409837,13.06361327,8.590215653,6.495807561,17.37164149
MB,2019,C1,C1,M,contemporary,19.79350681,13.64468319,14.61967984,9.160050305,5.08132121,19.16648084
MB,2019,C1,D1,M,contemporary,14.59541634,9.683204109,10.05708681,5.676769326,3.175359971,14.28722386
MB,2020,C1,A1,F,contemporary,18.70736479,15.60127729,15.57085121,11.01195782,8.724415573,29.75593968
MB,2020,C1,B1,F,contemporary,15.4442806,12.31499775,12.06371898,8.03935321,6.53995249,22.17096121
MB,2020,C1,C1,F,contemporary,16.8537772,12.59912211,13.06768505,8.327252203,5.143060161,26.64636008
MB,2020,C1,D1,F,contemporary,12.62756773,8.883622058,8.898405766,5.017593976,3.19577407,17.39705534
MB,2020,C1,A1,M,contemporary,21.71086262,18.11046788,18.07359608,12.84564079,10.23711454,21.02669401
MB,2020,C1,B1,M,contemporary,17.94261943,14.34209405,14.0511993,9.443608761,7.736736718,17.75956088
MB,2020,C1,C1,M,contemporary,19.56667751,14.65006684,15.18570489,9.751697097,6.118955847,19.02912181
MB,2020,C1,D1,M,contemporary,14.69426688,10.3962348,10.40962603,5.965985529,3.891492911,14.6201138
MB,2021,C1,A1,F,contemporary,18.65282144,15.02627648,15.14634968,10.6135361,8.201170466,29.16300706
MB,2021,C1,B1,F,contemporary,15.83460701,11.94858457,11.87794955,7.759139215,6.086845332,21.6493525
MB,2021,C1,C1,F,contemporary,16.06081656,11.57484043,12.04851391,7.538423051,4.597462803,24.50757839
MB,2021,C1,D1,F,contemporary,13.34425718,9.59022287,9.804676794,5.713673311,3.412210111,19.42905552
MB,2021,C1,A1,M,contemporary,21.63923496,17.45150221,17.58721532,12.39122796,9.639936403,20.98147141
MB,2021,C1,B1,M,contemporary,18.3752759,13.9205463,13.83673617,9.123247408,7.219594123,17.95377769
MB,2021,C1,C1,M,contemporary,18.6503246,13.48057202,14.02189564,8.853597333,5.497981683,18.26248696
MB,2021,C1,D1,M,contemporary,15.53098856,11.20801657,11.45165019,6.76509676,4.141316692,15.45902959
MB,2022,C1,A1,F,contemporary,18.61835966,15.08490053,15.27276476,10.78405687,8.261327888,28.89503452
MB,2022,C1,B1,F,contemporary,15.48502265,11.65061057,11.61761932,7.595496017,5.932925103,21.27931086
MB,2022,C1,C1,F,contemporary,16.182677,11.95600525,12.61667603,8.134027424,4.72665576,25.33262712
MB,2022,C1,D1,F,contemporary,13.37942326,9.75369566,10.10688093,6.095692328,3.441543579,20.19135254
MB,2022,C1,A1,M,contemporary,21.60816627,17.52267487,17.73669609,12.58957231,9.711743761,20.86859769
MB,2022,C1,B1,M,contemporary,17.97727221,13.58246706,13.5418855,8.938770086,7.046472034,17.47050923
MB,2022,C1,C1,M,contemporary,18.81154363,13.92130222,14.67832824,9.538005837,5.647973227,18.73383508
MB,2022,C1,D1,M,contemporary,15.58510085,11.39733797,11.80090334,7.203121271,4.175353188,15.41443143
MB,2023,C1,A1,F,contemporary,16.92221674,12.70271252,13.13859848,9.007997696,6.417515244,25.25839169
MB,2023,C1,B1,F,contemporary,14.07863749,9.784061956,9.973623542,6.287552295,4.550620363,18.40010159
MB,2023,C1,C1,F,contemporary,15.29744049,10.54812316,11.25649204,6.951719894,3.84619654,23.00878644
MB,2023,C1,D1,F,contemporary,10.96639008,7.357901817,7.582332128,4.146844952,2.306173865,14.7611509
MB,2023,C1,A1,M,contemporary,19.64544489,14.78811624,15.28572068,10.55244923,7.596382395,18.85453837
MB,2023,C1,B1,M,contemporary,16.35395054,11.43968067,11.65388535,7.436950077,5.457977581,15.97459335
MB,2023,C1,C1,M,contemporary,17.77444651,12.30225917,13.11305249,8.180350422,4.634256565,17.24233889
MB,2023,C1,D1,M,contemporary,12.79675684,8.649800973,8.90519278,4.969040063,2.869253914,12.74326988
MB,2024,C1,A1,F,contemporary,19.0563736,15.71535885,15.79502178,11.19656641,8.752459449,30.41073902
MB,2024,C1,B1,F,contemporary,15.30347114,11.85959046,11.6446208,7.635290602,6.2303594,20.63730205
MB,2024,C1,C1,F,contemporary,17.14813438,12.59233453,13.21784179,8.466489098,5.04075449,26.76354266
MB,2024,C1,D1,F,contemporary,13.12545384,9.851755712,10.10251735,6.105672227,3.57795586,20.49715579
MB,2024,C1,A1,M,contemporary,22.11340978,18.24456625,18.33412512,13.06081279,10.27305156,21.33578963
MB,2024,C1,B1,M,contemporary,17.77247082,13.82255545,13.57340146,8.984980484,7.386873793,17.46422917
MB,2024,C1,C1,M,contemporary,19.90763366,14.64563213,15.36168689,9.916172165,6.006565501,19.35677172
MB,2024,C1,D1,M,contemporary,15.30125194,11.51161811,11.79770817,7.214608671,4.331449464,15.41540753
MB,1950,D1,A1,F,historical,15.08070606,11.47411767,11.92060384,8.056980953,5.278172317,23.08405694
MB,1950,D1,B1,F,historical,12.31839835,8.440668288,8.704402977,5.343836511,3.426220855,16.00292883
MB,1950,D1,C1,F,historical,13.96964774,9.360282273,10.23337721,6.135525428,2.731210512,21.26471386
MB,1950,D1,D1,F,historical,10.26984473,6.175036379,6.639406372,3.394317475,1.266733319,13.63902991
MB,1950,D1,A1,M,historical,17.53169381,13.36024313,13.87121517,9.440788532,6.269251838,17.25517371
MB,1950,D1,B1,M,historical,14.32721881,9.880491913,10.17986366,6.332869374,4.147860044,14.08890114
MB,1950,D1,C1,M,historical,16.23918148,10.91769002,11.91729297,7.220980071,3.333654774,16.04544469
MB,1950,D1,D1,M,historical,11.97074255,7.270123586,7.799381226,4.08219791,1.655277048,11.81128987
MB,1951,D1,A1,F,historical,14.62022984,10.89838124,11.40612676,7.755890776,5.183575107,21.77485247
MB,1951,D1,B1,F,historical,11.53990901,7.920926848,8.134527749,5.054437165,3.460738172,14.8150827
MB,1951,D1,C1,F,historical,13.13000053,8.709880972,9.434178448,5.694561688,2.827635017,19.47137848
MB,1951,D1,D1,F,historical,9.080502949,5.978521588,6.262778359,3.415003004,1.657323016,12.61376839
MB,1951,D1,A1,M,historical,16.9978889,12.70347118,13.28393442,9.099270762,6.162542672,16.57519547
MB,1951,D1,B1,M,historical,13.43534876,9.288785778,9.531072867,6.00510331,4.188392639,13.17968584
MB,1951,D1,C1,M,historical,15.27120462,10.1783682,11.00684495,6.721214562,3.447137407,15.12833404
MB,1951,D1,D1,M,historical,10.62167397,7.050854424,7.374839957,4.109170899,2.1034851,10.66971272
MB,1952,D1,A1,F,historical,15.29979756,13.05206411,13.06628607,9.606430603,7.205911066,24.77277621
MB,1952,D1,B1,F,historical,12.61314445,10.05157771,9.942130404,6.803017275,5.098606312,17.94888925
MB,1952,D1,C1,F,historical,13.62614839,10.2599059,10.87595183,7.148399127,3.816150134,22.40436629
MB,1952,D1,D1,F,historical,10.43563052,7.287431474,7.617657532,4.485112724,2.213069108,15.28107363
MB,1952,D1,A1,M,historical,17.83985607,15.19243082,15.21481309,11.23350705,8.486168599,18.46411987
MB,1952,D1,B1,M,historical,14.70910631,11.74217877,11.6199046,8.018462074,6.072728874,15.17160166
MB,1952,D1,C1,M,historical,15.89259227,11.96617722,12.67500351,8.394916557,4.585675401,16.65075292
MB,1952,D1,D1,M,historical,12.19526781,8.556909572,8.935195355,5.342650219,2.749824434,12.46638705
MB,1953,D1,A1,F,historical,15.7539244,12.43487517,12.6724848,8.706480186,6.395437604,23.39624332
MB,1953,D1,B1,F,historical,12.96248318,9.430039519,9.454778249,5.924603453,4.428129122,16.7648787
MB,1953,D1,C1,F,historical,13.8332508,9.685185361,10.32628511,6.343962138,3.401395301,20.65641296
MB,1953,D1,D1,F,historical,9.748410978,6.544100934,6.739975189,3.597719371,1.861715404,12.89325959
MB,1953,D1,A1,M,historical,18.30497856,14.47104441,14.74166514,10.19372814,7.557868713,17.88588562
MB,1953,D1,B1,M,historical,15.07010286,11.02326435,11.04855576,7.007903645,5.304834229,14.7614158
MB,1953,D1,C1,M,historical,16.08975255,11.30223523,12.03607395,7.470455171,4.111026218,15.88581761
MB,1953,D1,D1,M,historical,11.38904417,7.704789265,7.927259957,4.326266321,2.347089041,11.52062575
MB,1954,D1,A1,F,historical,15.88190424,13.36402955,13.33117264,9.400040199,7.43632661,24.75709305
MB,1954,D1,B1,F,historical,13.14118365,10.34970309,10.15230594,6.718777522,5.425165965,18.12628704
MB,1954,D1,C1,F,historical,13.9653892,10.34886039,10.84748783,6.882706921,3.994387356,21.14648301
MB,1954,D1,D1,F,historical,10.18943892,7.254025351,7.352830825,4.204708196,2.440523722,14.19323283
MB,1954,D1,A1,M,historical,18.46652942,15.54128255,15.50172401,10.98999717,8.750847987,18.26398614
MB,1954,D1,B1,M,historical,15.28995555,12.08134733,11.85201554,7.91885234,6.447517393,15.0353551
MB,1954,D1,C1,M,historical,16.25344174,12.06618084,12.63685669,8.088686297,4.791680951,16.26552191
MB,1954,D1,D1,M,historical,11.90386389,8.521438517,8.632301727,5.02232062,3.011624768,12.11778659
MB,1955,D1,A1,F,historical,15.68209472,12.01539944,12.23873397,8.298385375,6.097765944,22.93795198
MB,1955,D1,B1,F,historical,12.69380369,9.139089316,9.18021144,5.817188973,4.306320897,16.15590554
MB,1955,D1,C1,F,historical,13.22647393,8.735292942,9.32968241,5.507916661,2.887661632,18.72919428
MB,1955,D1,D1,F,historical,10.4529569,6.794573732,7.104228953,3.803151821,1.828381551,14.14646001
MB,1955,D1,A1,M,historical,18.20889234,13.98618261,14.24015787,9.72478253,7.215090674,17.70190429
MB,1955,D1,B1,M,historical,14.76120825,10.68835125,10.73253926,6.883249686,5.162781031,14.53638077
MB,1955,D1,C1,M,historical,15.37473889,10.21056147,10.88991763,6.511784122,3.521082841,14.9931401
MB,1955,D1,D1,M,historical,12.19208941,7.988117329,8.340792214,4.558900755,2.306785812,12.16453751
MB,1956,D1,A1,F,historical,15.78113043,12.4013488,12.62415958,8.520256752,6.141461195,23.16505069
MB,1956,D1,B1,F,historical,12.7550432,9.193662299,9.194490997,5.600151312,4.083567854,16.36944126
MB,1956,D1,C1,F,historical,13.90735093,9.568471042,10.21072822,6.078513364,3.082813511,20.57790746
MB,1956,D1,D1,F,historical,9.911869831,6.314047544,6.52160981,3.232150213,1.495848068,12.67422752
MB,1956,D1,A1,M,historical,18.33275995,14.42897014,14.68272895,9.977644967,7.265179705,17.88177778
MB,1956,D1,B1,M,historical,14.82941088,10.75004398,10.74791795,6.634238204,4.908993599,14.51671589
MB,1956,D1,C1,M,historical,16.16873364,11.16520057,11.90019973,7.164522653,3.745225809,15.95122396
MB,1956,D1,D1,M,historical,11.56617055,7.438352662,7.673467326,3.905947244,1.927506644,11.53088075
MB,1957,D1,A1,F,historical,15.57576534,11.93130517,12.41219325,8.637729584,5.922388378,23.73541106
MB,1957,D1,B1,F,historical,12.26673844,8.892082035,9.089505888,5.952579699,4.071373914,16.85374959
MB,1957,D1,C1,F,historical,13.35940833,8.875433345,9.718383423,5.995625703,2.881366099,20.22928384
MB,1957,D1,D1,F,historical,10.00746641,6.372568307,6.819839082,3.781488192,1.641824067,13.886416
MB,1957,D1,A1,M,historical,18.11403037,13.89748734,14.44823727,10.11869107,7.016372424,18.03684345
MB,1957,D1,B1,M,historical,14.2962218,10.41140723,10.63768421,7.042787514,4.895109308,14.46805742
MB,1957,D1,C1,M,historical,15.55643608,10.37813247,11.3437486,7.074768514,3.513748149,15.73729102
MB,1957,D1,D1,M,historical,11.69217067,7.506481597,8.018104918,4.535162024,2.091429159,11.91870109
MB,1958,D1,A1,F,historical,16.39994153,12.33406691,12.80812727,8.748217069,5.982729569,24.30047979
MB,1958,D1,B1,F,historical,13.09834921,9.143492834,9.346825691,5.87515112,4.068791266,16.60601456
MB,1958,D1,C1,F,historical,15.08360421,10.12608984,10.93618753,6.654234359,3.368902472,22.22905749
MB,1958,D1,D1,F,historical,10.78748724,7.169301291,7.50025163,4.101313877,1.980433109,14.94090764
MB,1958,D1,A1,M,historical,19.03444753,14.34891391,14.89051425,10.23785262,7.082811185,18.26023956
MB,1958,D1,B1,M,historical,15.22133157,10.69144431,10.92144444,6.948974661,4.891219361,14.91792401
MB,1958,D1,C1,M,historical,17.50937258,11.801617,12.72832552,7.823375712,4.073516135,16.947846
MB,1958,D1,D1,M,historical,12.58034918,8.4187446,8.79569647,4.901305596,2.48278127,12.49585174
MB,1959,D1,A1,F,historical,16.67939408,12.91656081,13.43885389,9.307689877,6.30133541,25.65685826
MB,1959,D1,B1,F,historical,13.63138513,9.671026321,9.974058576,6.34781734,4.238632395,18.48733186
MB,1959,D1,C1,F,historical,14.82706715,10.34039627,11.2880284,7.028173813,3.304612761,22.90682509
MB,1959,D1,D1,F,historical,10.50228701,7.080085733,7.525860426,4.176198641,1.804301603,14.95919427
MB,1959,D1,A1,M,historical,19.37238209,15.02069315,15.61850476,10.88117562,7.450191882,18.63273822
MB,1959,D1,B1,M,historical,15.84297297,11.29846801,11.64295654,7.49202237,5.0884674,15.36529019
MB,1959,D1,C1,M,historical,17.24111882,12.05153234,13.13768728,8.254033448,4.001977003,17.12125496
MB,1959,D1,D1,M,historical,12.26886503,8.320254667,8.829960455,4.989564788,2.28294646,12.70213313
MB,2015,D1,A1,F,contemporary,16.87659371,13.2581419,13.50700175,9.401083392,6.883277591,25.2946786
MB,2015,D1,B1,F,contemporary,14.12249407,10.35353249,10.41725429,6.774243349,4.973461526,18.9388124
MB,2015,D1,C1,F,contemporary,14.75434371,10.29986288,10.91700742,6.709052521,3.673086065,21.96868841
MB,2015,D1,D1,F,contemporary,11.08089345,7.445005327,7.653440395,4.190935813,2.237206967,14.79222701
MB,2015,D1,A1,M,contemporary,19.59244873,15.41543052,15.69900801,10.99257469,8.120666967,18.95867336
MB,2015,D1,B1,M,contemporary,16.4065566,12.08415424,12.1542959,7.984897735,5.933934996,16.01795743
MB,2015,D1,C1,M,contemporary,17.14138773,12.0078066,12.71364203,7.892234943,4.427895346,16.7609201
MB,2015,D1,D1,M,contemporary,12.91593534,8.739258048,8.975813529,5.010128018,2.783538203,12.85732163
MB,2016,D1,A1,F,contemporary,17.16756504,14.18846497,14.27493726,10.058128,7.771190462,26.54425023
MB,2016,D1,B1,F,contemporary,14.46526701,11.13265766,11.01822008,7.208460832,5.693720642,19.51433708
MB,2016,D1,C1,F,contemporary,15.17840518,11.43083728,11.98474712,7.642731137,4.452341452,23.50416381
MB,2016,D1,D1,F,contemporary,11.71312783,8.221703669,8.363442918,4.700408712,2.691985757,16.11564549
MB,2016,D1,A1,M,contemporary,19.94132114,16.48615817,16.58384414,11.74644648,9.137481539,19.49684932
MB,2016,D1,B1,M,contemporary,16.80708067,12.97936235,12.84531549,8.483720527,6.758962521,16.62583239
MB,2016,D1,C1,M,contemporary,17.65143146,13.30669658,13.94135243,8.961661452,5.319743967,17.52037679
MB,2016,D1,D1,M,contemporary,13.64621284,9.629015279,9.789132905,5.593497088,3.304700401,13.63657893
MB,2017,D1,A1,F,contemporary,17.01026727,12.94335446,13.26732598,9.095363374,6.598309048,24.77621612
MB,2017,D1,B1,F,contemporary,14.16415554,10.11921236,10.26755611,6.55315966,4.724219185,18.05685814
MB,2017,D1,C1,F,contemporary,14.60706919,10.04369082,10.68955374,6.502891857,3.480907532,21.2382038
MB,2017,D1,D1,F,contemporary,12.35291891,8.344396086,8.720703968,4.88205014,2.450391123,17.02770872
MB,2017,D1,A1,M,contemporary,19.733347,15.05299272,15.42218811,10.64249186,7.794735321,18.99543749
MB,2017,D1,B1,M,contemporary,16.44849706,11.81503461,11.98203721,7.731848121,5.64879416,16.11143628
MB,2017,D1,C1,M,contemporary,16.97151986,11.7154699,12.45439384,7.657987291,4.208990069,16.76580149
MB,2017,D1,D1,M,contemporary,14.37936087,9.768395827,10.19766616,5.801161687,3.028073683,14.180077
MB,2018,D1,A1,F,contemporary,17.15540272,13.73035519,13.88486061,9.820609791,7.439610434,26.09240605
MB,2018,D1,B1,F,contemporary,14.6014522,10.83939574,10.82058426,7.099919785,5.429741487,18.99196142
MB,2018,D1,C1,F,contemporary,15.10064142,10.9002055,11.39297813,7.166985454,4.223945033,22.30276708
MB,2018,D1,D1,F,contemporary,11.62291573,8.274146873,8.418916283,4.892525591,2.860924589,15.89859652
MB,2018,D1,A1,M,contemporary,19.91420991,15.95734092,16.13286637,11.4728935,8.757076019,19.45126749
MB,2018,D1,B1,M,contemporary,16.95121577,12.63988491,12.61521954,8.357233599,6.45614149,16.57847594
MB,2018,D1,C1,M,contemporary,17.54185167,12.69623133,13.25950649,8.417290357,5.059336755,17.32784394
MB,2018,D1,D1,M,contemporary,13.5465457,9.691213292,9.854917262,5.814178113,3.498989657,13.54684893
MB,2019,D1,A1,F,contemporary,17.13902528,13.5365068,13.86298615,9.715075475,7.124671137,25.86871138
MB,2019,D1,B1,F,contemporary,14.07922232,10.37563455,10.45826326,6.829330464,5.111287629,18.58365438
MB,2019,D1,C1,F,contemporary,15.65892691,10.92596747,11.70422106,7.314460065,3.968812867,23.63923866
MB,2019,D1,D1,F,contemporary,11.5712599,7.710120622,8.011293757,4.459156765,2.39965591,15.86516682
MB,2019,D1,A1,M,contemporary,19.89755554,15.73373233,16.10643529,11.35011314,8.393633324,19.40263225
MB,2019,D1,B1,M,contemporary,16.35882392,12.10855587,12.2004561,8.046393156,6.087998925,16.18678286
MB,2019,D1,C1,M,contemporary,18.18299985,12.72240519,13.6135334,8.582913474,4.762753556,17.82907971
MB,2019,D1,D1,M,contemporary,13.47674558,9.039748243,9.382657318,5.31408248,2.965131569,13.31970896
MB,2020,D1,A1,F,contemporary,17.12044095,14.48527279,14.44886242,10.28874978,8.174104427,26.49821171
MB,2020,D1,B1,F,contemporary,14.25805408,11.47561587,11.24002609,7.516520875,6.126275164,19.9426018
MB,2020,D1,C1,F,contemporary,15.41594893,11.71889326,12.14009885,7.792945105,4.820488956,23.75406486
MB,2020,D1,D1,F,contemporary,11.67373478,8.289564266,8.300787007,4.692214255,2.98518618,15.71961344
MB,2020,D1,A1,M,contemporary,19.88926956,16.82569459,16.78217494,12.00871102,9.59675971,19.54832718
MB,2020,D1,B1,M,contemporary,16.57796203,13.37267412,13.09984867,8.835241723,7.25235668,16.53738608
MB,2020,D1,C1,M,contemporary,17.91602608,13.63510181,14.11690492,9.131203321,5.739455386,17.70019039
MB,2020,D1,D1,M,contemporary,13.59547956,9.707424194,9.71695005,5.58384743,3.639862251,13.62995692
MB,2021,D1,A1,F,contemporary,17.11517303,13.96722763,14.07208621,9.926010712,7.685295528,26.00875401
MB,2021,D1,B1,F,contemporary,14.66040954,11.15454323,11.08844807,7.269870918,5.704191382,19.53579287
MB,2021,D1,C1,F,contemporary,14.75710355,10.77693844,11.20669072,7.055482922,4.305397049,21.92155702
MB,2021,D1,D1,F,contemporary,12.27896987,8.932802578,9.125513769,5.344340775,3.188837095,17.47284307
MB,2021,D1,A1,M,contemporary,19.87384994,16.23156218,16.35007301,11.59483792,9.038789661,19.51373134
MB,2021,D1,B1,M,contemporary,17.02464747,13.00274998,12.92426485,8.553006099,6.770527791,16.7283198
MB,2021,D1,C1,M,contemporary,17.15229464,12.55925093,13.05063006,8.291486408,5.153172087,16.99822185
MB,2021,D1,D1,M,contemporary,14.30488487,10.44693335,10.66592446,6.33267366,3.874981699,14.40312752
MB,2022,D1,A1,F,contemporary,17.04948116,14.01322551,14.17677825,10.08022799,7.739633835,25.77226023
MB,2022,D1,B1,F,contemporary,14.33580808,10.87717815,10.84428348,7.115810487,5.558803061,19.18454872
MB,2022,D1,C1,F,contemporary,14.80525846,11.11391191,11.71038274,7.604685273,4.424958554,22.64215202
MB,2022,D1,D1,F,contemporary,12.2456823,9.071597118,9.388070005,5.697851727,3.216253705,18.09617268
MB,2022,D1,A1,M,contemporary,19.80707961,16.28821921,16.47467075,11.77447742,9.103832795,19.40441379
MB,2022,D1,B1,M,contemporary,16.655026,12.68803073,12.64771739,8.379337394,6.607008442,16.2770582
MB,2022,D1,C1,M,contemporary,17.22902386,12.94953565,13.63347872,8.922892476,5.292082604,17.43088375
MB,2022,D1,D1,M,contemporary,14.28088708,10.60813016,10.96997624,6.738167071,3.906808483,14.3556389
MB,2023,D1,A1,F,contemporary,15.54841638,11.81647693,12.21546074,8.424519649,6.008255527,22.58987299
MB,2023,D1,B1,F,contemporary,13.07371854,9.145422691,9.323604016,5.892485344,4.258625445,16.67103051
MB,2023,D1,C1,F,contemporary,14.02846775,9.818792921,10.46665779,6.503348132,3.597136378,20.59007283
MB,2023,D1,D1,F,contemporary,10.10642158,6.852681629,7.057781182,3.871593169,2.145729408,13.37268929
MB,2023,D1,A1,M,contemporary,18.06713505,13.76534279,14.22098836,9.874847079,7.117090085,17.54367086
MB,2023,D1,B1,M,contemporary,15.19648268,10.69923149,10.90057454,6.974313504,5.112617953,14.89255065
MB,2023,D1,C1,M,contemporary,16.31631539,11.4593212,12.2012197,7.657806217,4.33876785,16.05088229
MB,2023,D1,D1,M,contemporary,11.80503815,8.062476759,8.295930603,4.644185038,2.675116985,11.88945683
MB,2024,D1,A1,F,contemporary,17.4372445,14.59130461,14.65633233,10.46290624,8.199478762,27.0666657
MB,2024,D1,B1,F,contemporary,14.17462722,11.06826097,10.86744305,7.148578825,5.837150363,18.65514355
MB,2024,D1,C1,F,contemporary,15.69523473,11.71715874,12.28165649,7.921693008,4.722706,23.87954785
MB,2024,D1,D1,F,contemporary,12.01525482,9.153718466,9.374934293,5.701353153,3.342761155,18.35018351
MB,2024,D1,A1,M,contemporary,20.25501447,16.95044255,17.02347648,12.21175186,9.629472619,19.83394338
MB,2024,D1,B1,M,contemporary,16.47323657,12.9076971,12.67484096,8.417543257,6.925628824,16.27573839
MB,2024,D1,C1,M,contemporary,18.23954604,13.63622405,14.28286244,9.283475751,5.632019101,18.00494355
MB,2024,D1,D1,M,contemporary,14.02349807,10.70422098,10.9567763,6.742318286,4.051614638,14.35660414
MS,1950,Eldo,A1,F,historical,20.83612845,14.54157884,15.28617617,9.4695873,5.553200049,22.86839877
MS,1950,Eldo,B1,F,historical,16.11035616,10.0024567,10.43883383,5.789453821,3.255322617,17.52673842
MS,1950,Eldo,Eldo,F,historical,21.11551819,15.88129243,16.39307942,10.72320517,7.016717327,23.91004237
MS,1950,Eldo,A1,M,historical,12.45342907,8.543506583,9.019277497,5.342481455,2.833995489,10.5086485
MS,1950,Eldo,B1,M,historical,9.548079627,5.678647461,5.964067024,3.019485625,1.389961909,8.446033413
MS,1950,Eldo,Eldo,M,historical,12.57188708,9.361383812,9.689724923,6.115787028,3.744552525,11.08492329
MS,1951,Eldo,A1,F,historical,20.08522732,13.75049943,14.55963528,9.064438849,5.491051086,21.81586643
MS,1951,Eldo,B1,F,historical,14.93544329,9.346355563,9.669355704,5.440800698,3.362174514,16.11879522
MS,1951,Eldo,Eldo,F,historical,19.87916993,15.49446547,16.11243927,10.9588739,7.188090512,23.07696057
MS,1951,Eldo,A1,M,historical,11.99196865,8.036326012,8.553985051,5.077505064,2.792251318,10.01909755
MS,1951,Eldo,B1,M,historical,8.802682723,5.255976415,5.467455749,2.790450772,1.456500552,7.789918151
MS,1951,Eldo,Eldo,M,historical,11.74390575,9.101701577,9.491529608,6.259671031,3.852788375,10.4714178
MS,1952,Eldo,A1,F,historical,21.32250291,16.86813135,16.96069159,11.67674257,8.079385139,24.56990924
MS,1952,Eldo,B1,F,historical,16.68561682,12.38005467,12.1884418,7.856819211,5.346633059,19.01721418
MS,1952,Eldo,Eldo,F,historical,21.54119221,19.37028143,19.48787906,14.09927797,10.40893607,26.29227111
MS,1952,Eldo,A1,M,historical,12.61377185,9.951416371,9.996168517,6.690668868,4.402071714,11.29956073
MS,1952,Eldo,B1,M,historical,9.798040335,7.140761155,7.010673481,4.288659369,2.679543482,9.124561095
MS,1952,Eldo,Eldo,M,historical,12.61697699,11.4929969,11.5536229,8.202609542,5.864333922,12.1571676
MS,1953,Eldo,A1,F,historical,21.66085259,15.81752393,16.25816508,10.20036816,6.891952251,23.73909142
MS,1953,Eldo,B1,F,historical,16.94965809,11.28073347,11.35219482,6.403197845,4.406862681,18.44043722
MS,1953,Eldo,Eldo,F,historical,21.51497858,17.43013108,17.58506159,11.81701202,8.689261482,24.93790715
MS,1953,Eldo,A1,M,historical,12.9647595,9.320013326,9.606105949,5.774578645,3.649586538,10.85652767
MS,1953,Eldo,B1,M,historical,10.06232907,6.457660207,6.512278829,3.374734113,2.085056018,8.843197226
MS,1953,Eldo,Eldo,M,historical,12.78697056,10.3084381,10.40888899,6.779742257,4.77348527,11.54788318
MS,1954,Eldo,A1,F,historical,21.87710933,17.28545456,17.35603496,11.25749594,8.268058768,24.11209979
MS,1954,Eldo,B1,F,historical,17.50462975,12.74184247,12.53447146,7.604879637,5.705871906,18.96144685
MS,1954,Eldo,Eldo,F,historical,23.53407686,19.24873711,19.07704212,12.84146557,10.10455416,26.1594487
MS,1954,Eldo,A1,M,historical,13.0627889,10.2370559,10.29042147,6.440546254,4.515434227,11.03782728
MS,1954,Eldo,B1,M,historical,10.38154345,7.373974006,7.253713215,4.133740647,2.901861388,8.968951766
MS,1954,Eldo,Eldo,M,historical,14.09028075,11.46179689,11.35988367,7.427320788,5.664343034,11.97651869
MS,1955,Eldo,A1,F,historical,21.46894745,15.0819934,15.49189698,9.616899395,6.499616589,23.30425344
MS,1955,Eldo,B1,F,historical,16.55480538,10.89035224,10.9925217,6.338114645,4.288793766,18.0333266
MS,1955,Eldo,Eldo,F,historical,21.58048122,16.9912944,17.12597759,11.3437881,8.33838976,24.7025342
MS,1955,Eldo,A1,M,historical,12.87755854,8.862456256,9.129575524,5.409412542,3.407222875,10.74097218
MS,1955,Eldo,B1,M,historical,9.815291285,6.215850447,6.289754491,3.34054452,2.018893429,8.723527781
MS,1955,Eldo,Eldo,M,historical,12.86540612,10.04556563,10.13432977,6.486773212,4.558539491,11.4252495
MS,1956,Eldo,A1,F,historical,21.74584564,15.75285657,16.19009613,9.937867185,6.531683312,23.68963829
MS,1956,Eldo,B1,F,historical,16.67196599,10.92809268,10.98782677,5.985634565,3.956534953,18.02634602
MS,1956,Eldo,Eldo,F,historical,21.85464616,17.86972305,18.06069338,11.91288549,8.497211411,25.14622679
MS,1956,Eldo,A1,M,historical,13.0290626,9.288566898,9.572785886,5.616126345,3.426504524,10.89328223
MS,1956,Eldo,B1,M,historical,9.895509364,6.240773845,6.288704003,3.117335044,1.804455194,8.700071919
MS,1956,Eldo,Eldo,M,historical,13.00113577,10.60119189,10.72428232,6.851690587,4.659384529,11.55433028
MS,1957,Eldo,A1,F,historical,21.48903538,15.07903829,15.86626348,10.17081519,6.369670406,23.91076333
MS,1957,Eldo,B1,F,historical,16.09155711,10.6935148,10.96904483,6.669089524,4.106546943,18.22607632
MS,1957,Eldo,Eldo,F,historical,22.62390927,17.4059237,18.0597167,11.99387258,8.078668021,25.45995157
MS,1957,Eldo,A1,M,historical,12.82370873,8.843566415,9.345060452,5.747995304,3.322499424,11.02965049
MS,1957,Eldo,B1,M,historical,9.46210433,6.079720588,6.253843271,3.541963752,1.903956966,8.644982609
MS,1957,Eldo,Eldo,M,historical,13.50382982,10.30577441,10.72251706,6.893288033,4.387570998,11.64887019
MS,1958,Eldo,A1,F,historical,22.78098436,15.5960855,16.38542822,10.2064062,6.340719099,24.36298569
MS,1958,Eldo,B1,F,historical,17.09845977,10.83103769,11.15624071,6.336141167,3.958252607,18.58144281
MS,1958,Eldo,Eldo,F,historical,22.7828615,17.73929067,18.35136242,12.32972076,8.253193033,25.68223256
MS,1958,Eldo,A1,M,historical,13.70730682,9.195653526,9.702365935,5.786892883,3.308161304,11.15912009
MS,1958,Eldo,B1,M,historical,10.16715184,6.181697963,6.396492033,3.338663158,1.808507712,9.01020069
MS,1958,Eldo,Eldo,M,historical,13.60099343,10.52530686,10.91449263,7.116712297,4.506920731,11.69445861
MS,1959,Eldo,A1,F,historical,23.38683112,16.52398378,17.43184939,11.00247044,6.716129021,25.03292445
MS,1959,Eldo,B1,F,historical,18.17924664,11.63654178,12.14185499,6.964807899,4.13372677,19.60315269
MS,1959,Eldo,Eldo,F,historical,23.8217119,18.46698429,19.16717161,12.84277697,8.540285522,26.67121226
MS,1959,Eldo,A1,M,historical,14.04895472,9.773275515,10.35382336,6.283833029,3.536813045,11.34375494
MS,1959,Eldo,B1,M,historical,10.83048821,6.685433685,7.014514109,3.730690575,1.910241529,9.224961714
MS,1959,Eldo,Eldo,M,historical,14.24521608,10.97605011,11.42019195,7.432071869,4.677965768,12.05870736
MS,2015,Eldo,A1,F,contemporary,23.44694073,16.89227111,17.37054197,11.08433487,7.442829011,25.36870133
MS,2015,Eldo,B1,F,contemporary,18.75923092,12.50956048,12.66275852,7.508547327,5.032736241,20.26178481
MS,2015,Eldo,Eldo,F,contemporary,23.54916753,18.638349,18.8913816,12.6753965,9.197740143,26.21509723
MS,2015,Eldo,A1,M,contemporary,14.09587747,9.993357088,10.30367325,6.322033442,3.983038449,11.57288251
MS,2015,Eldo,B1,M,contemporary,11.19098308,7.224273254,7.330822125,4.06077322,2.464541987,9.672927436
MS,2015,Eldo,Eldo,M,contemporary,14.09000757,11.07455098,11.23847104,7.31349737,5.081007742,12.0168666
MS,2016,Eldo,A1,F,contemporary,23.96842651,18.36698624,18.62057183,12.03910904,8.61255851,26.07750686
MS,2016,Eldo,B1,F,contemporary,19.29017953,13.62478636,13.52248415,8.087383902,5.940532655,21.17405551
MS,2016,Eldo,Eldo,F,contemporary,23.90241282,19.63996876,19.57629714,13.28601373,10.3123144,27.08390986
MS,2016,Eldo,A1,M,contemporary,14.38747665,10.91718134,11.08519166,6.923338398,4.721171471,11.91215272
MS,2016,Eldo,B1,M,contemporary,11.50720213,7.922763119,7.867888912,4.422029358,3.035578227,10.11248029
MS,2016,Eldo,Eldo,M,contemporary,14.29680398,11.69729702,11.66214311,7.695690306,5.784068376,12.46614963
MS,2017,Eldo,A1,F,contemporary,23.49501108,16.29486613,16.86037121,10.55736026,7.036429566,25.38016618
MS,2017,Eldo,B1,F,contemporary,18.60808309,12.07887435,12.33941878,7.129398456,4.686444115,20.1776698
MS,2017,Eldo,Eldo,F,contemporary,23.71714999,18.0948483,18.37730628,12.10066153,8.856883658,26.19400927
MS,2017,Eldo,A1,M,contemporary,14.15467844,9.616069434,9.982137691,5.985666452,3.724560098,11.61836262
MS,2017,Eldo,B1,M,contemporary,11.10478856,6.950919629,7.125203487,3.818506405,2.24472371,9.785846137
MS,2017,Eldo,Eldo,M,contemporary,14.23634111,10.73424487,10.9185628,6.947342779,4.863733796,12.05624884
MS,2018,Eldo,A1,F,contemporary,23.75806321,17.5761782,17.89642612,11.66054922,8.167750336,26.09502898
MS,2018,Eldo,B1,F,contemporary,19.36395715,13.12608791,13.1524984,7.877537407,5.571545537,21.15378808
MS,2018,Eldo,Eldo,F,contemporary,23.73395175,19.12830361,19.10146928,13.07994168,10.00018709,26.8708701
MS,2018,Eldo,A1,M,contemporary,14.28407726,10.42377569,10.63338826,6.686712988,4.442132384,11.89811165
MS,2018,Eldo,B1,M,contemporary,11.58203734,7.614414138,7.641199767,4.293486403,2.803515902,10.08815045
MS,2018,Eldo,Eldo,M,contemporary,14.20791828,11.38143103,11.36732511,7.569204343,5.590610207,12.26034375
MS,2019,Eldo,A1,F,contemporary,23.83541005,17.37082437,17.94124286,11.53507654,7.807370702,26.1394636
MS,2019,Eldo,B1,F,contemporary,18.61070645,12.56375889,12.71859774,7.597160176,5.259221156,20.52828032
MS,2019,Eldo,Eldo,F,contemporary,24.31706199,19.58154889,19.95568015,13.60232322,9.868717381,27.4022786
MS,2019,Eldo,A1,M,contemporary,14.33040149,10.30025276,10.6677577,6.613246753,4.22403712,11.91998064
MS,2019,Eldo,B1,M,contemporary,11.09004594,7.261982811,7.368556584,4.121681181,2.619212463,9.865842956
MS,2019,Eldo,Eldo,M,contemporary,14.54543373,11.66995362,11.90895618,7.905929088,5.515596552,12.59826018
MS,2020,Eldo,A1,F,contemporary,23.9128628,18.87031361,18.9350736,12.4158332,9.167905569,26.14987496
MS,2020,Eldo,B1,F,contemporary,19.05371623,14.24181362,13.97972042,8.612677351,6.532510753,21.09061234
MS,2020,Eldo,Eldo,F,contemporary,24.17162786,20.79256656,20.55000957,14.35482401,11.29593144,27.61555255
MS,2020,Eldo,A1,M,contemporary,14.34771506,11.23926386,11.28862752,7.16834672,5.07818657,11.95341233
MS,2020,Eldo,B1,M,contemporary,11.337512,8.315703371,8.160110573,4.760635883,3.415164921,10.00843676
MS,2020,Eldo,Eldo,M,contemporary,14.42108116,12.42067749,12.26970239,8.37908861,6.413981582,12.69429247
MS,2021,Eldo,A1,F,contemporary,23.54416455,17.94304957,18.19205441,11.78214668,8.468364368,25.80760005
MS,2021,Eldo,B1,F,contemporary,19.41790281,13.61980915,13.57530605,8.096550769,5.912219089,21.22187108
MS,2021,Eldo,Eldo,F,contemporary,24.15586456,19.51879998,19.50862828,13.24932901,10.25708956,26.92497445
MS,2021,Eldo,A1,M,contemporary,14.12907196,10.64902787,10.81388809,6.759525997,4.630164862,11.94429968
MS,2021,Eldo,B1,M,contemporary,11.59960678,7.923090727,7.903960677,4.428420285,3.017622317,10.15839886
MS,2021,Eldo,Eldo,M,contemporary,14.47329558,11.62278171,11.62166635,7.6724165,5.749877304,12.45584278
MS,2022,Eldo,A1,F,contemporary,23.58191487,18.07084593,18.44204685,12.0346886,8.539009167,25.95124497
MS,2022,Eldo,B1,F,contemporary,19.03304989,13.22987285,13.25292025,7.902841695,5.720263058,20.62449807
MS,2022,Eldo,Eldo,F,contemporary,23.74788032,20.29163514,20.40678478,14.26219141,10.78494388,27.52795246
MS,2022,Eldo,A1,M,contemporary,14.1338176,10.72084042,10.96221996,6.912070334,4.667001966,11.82381608
MS,2022,Eldo,B1,M,contemporary,11.35208314,7.668266947,7.692076433,4.298879947,2.888322072,9.815081967
MS,2022,Eldo,Eldo,M,contemporary,14.13043596,12.09162505,12.16533418,8.305789593,6.077308636,12.62738719
MS,2023,Eldo,A1,F,contemporary,21.32958469,14.96856606,15.60630068,9.854771664,6.479108117,23.00002689
MS,2023,Eldo,B1,F,contemporary,17.06752719,10.88235938,11.13777249,6.359290131,4.248624041,18.63926987
MS,2023,Eldo,Eldo,F,contemporary,20.75339985,16.20480364,16.58040288,11.21590747,8.051539617,23.64837433
MS,2023,Eldo,A1,M,contemporary,12.7601485,8.776396947,9.185748765,5.54624273,3.384828425,10.64277817
MS,2023,Eldo,B1,M,contemporary,10.13818872,6.200274222,6.369487088,3.338180371,1.981939721,8.95649957
MS,2023,Eldo,Eldo,M,contemporary,12.31243821,9.525672637,9.766118219,6.389554691,4.364987047,11.1036715
MS,2024,Eldo,A1,F,contemporary,24.3393619,18.9673509,19.18873264,12.59445817,9.157003201,26.5598325
MS,2024,Eldo,B1,F,contemporary,18.7420334,13.49934886,13.27896861,7.978592766,6.085806271,20.40414411
MS,2024,Eldo,Eldo,F,contemporary,24.4237179,21.48116601,21.45601763,15.02094858,11.60943673,28.21328154
MS,2024,Eldo,A1,M,contemporary,14.60896997,11.29010512,11.43792911,7.269621531,5.059951682,12.12188374
MS,2024,Eldo,B1,M,contemporary,11.1587248,7.836603262,7.706782933,4.345855224,3.119309171,9.854338642
MS,2024,Eldo,Eldo,M,contemporary,14.54323046,12.84701618,12.83326231,8.790370113,6.601841313,12.93632936
